币别:综合本位币,账簿:广东金发复合材料有限公司,期间:2025.7 -- 2025.7,,,,,,,,,
科目编码,科目名称,核算维度编码,核算维度名称,期初余额,期初余额,本期发生,本期发生,本年累计,本年累计,期末余额,期末余额
科目编码,科目名称,核算维度编码,核算维度名称,借方,贷方,借方,贷方,借方,贷方,借方,贷方
1001,库存现金,,,"43,966.00",,,,"74,521.00","45,521.00","43,966.00",
1002,银行存款,,,"4,330,089.28",,"30,909,037.86","22,104,604.85","199,872,360.90","192,084,116.70","13,134,522.29",
1002.01,　　中国农业银行清远石角支行,,,"2,842,068.99",,"19,301,676.50","18,997,585.11","172,373,626.62","174,069,312.57","3,146,160.38",
1002.01.01,　　　　人民币44-685201040011484,,,"2,838,772.74",,"19,301,676.50","18,997,580.87","172,373,611.22","174,069,280.07","3,142,868.37",
1002.01.02,　　　　美元44685214040000100,,,"3,296.25",,,4.24,15.40,32.50,"3,292.01",
1002.04,　　广发银行,,,"1,488,020.29",,"1,607,161.36","3,094,711.41","17,498,534.28","18,002,495.80",470.24,
1002.04.01,　　　　人民币9550889900004304699,,,"1,488,020.29",,"1,607,161.36","3,094,711.41","17,498,534.28","18,002,495.80",470.24,
1002.06,　　交通银行,,,,,"10,000,200.00","12,308.33","10,000,200.00","12,308.33","9,987,891.67",
1002.06.02,　　　　人民币441164670015003139003,,,,,"10,000,200.00","12,308.33","10,000,200.00","12,308.33","9,987,891.67",
1121,应收票据,,,"13,231,397.37",,"4,014,016.03","8,753,157.01","49,108,216.18","41,400,446.02","8,492,256.39",
1121.01,　　银行承兑汇票,,,"13,231,397.37",,"4,014,016.03","8,753,157.01","49,108,216.18","41,400,446.02","8,492,256.39",
,,0011,河南松川专用汽车有限公司,"80,000.00",,,,"80,000.00",,"80,000.00",
,,1.01.0020,宁波市阳光汽车配件有限公司,,,,,"980,188.41","1,657,286.68",,
,,1.01.0041,佛吉亚（重庆）汽车零部件有限公司,"342,861.18",,,,"3,167,353.62","2,824,492.44","342,861.18",
,,1.01.0119,浙江泓智新材料有限公司,"1,368,255.00",,,"1,368,255.00","2,688,255.00","2,688,255.00",,
,,1.01.0157,拓普电动车热管理系统（宁波）有限公司,,,"87,773.43","87,773.43","163,336.08","163,336.08",,
,,1.01.0191,天津金发新材料有限公司,,,"22,735.25",,"92,701.81","69,966.56","22,735.25",
,,1.01.0193,宁波德驰汽车科技有限公司,"54,364.97",,"20,957.44","54,364.97","212,896.19","191,938.75","20,957.44",
,,1.01.0229,苏州善瑞电子科技有限公司,,,,,,"50,219.00",,
,,1.01.0232,宁波赛科效实科技股份有限公司,"219,855.00",,,"219,855.00","219,855.00","219,855.00",,
,,1.01.0236,广西金巨石新能源科技有限公司,"5,000,000.00",,"2,900,000.00","4,450,660.31","16,225,500.00","12,776,160.31","3,449,339.69",
,,1.01.0238,苏州英利汽车部件有限公司,"490,759.98",,"686,814.55","434,770.44","2,858,386.38","2,115,582.29","742,804.09",
,,1.01.0241,青岛雅凯汽车工贸有限公司,,,"115,735.36",,"353,320.56","237,585.20","115,735.36",
,,1.01.0242,苏州弘道新材料有限公司,,,,,"79,305.10","79,305.10",,
,,1.01.0243,江苏华曼复合材料科技有限公司,,,,,"501,000.00","501,000.00",,
,,1.01.0295,浙江天台祥和实业股份有限公司,"4,523,422.07",,,"1,400,000.00","17,993,435.21","14,870,013.14","3,123,422.07",
,,1.01.0342,株洲时代新材料科技股份有限公司,"271,836.91",,,"217,477.86","271,836.91","217,477.86","54,359.05",
,,1.01.0361,江苏金巨石新能源科技有限公司,,,"100,000.00",,"274,500.00","174,500.00","100,000.00",
,,1.01.0385,宁波兴柯时代科技有限公司,,,,,,"57,168.96",,
,,1.02.0049,余姚市银达电器有限公司,"670,000.00",,"80,000.00","520,000.00","1,560,000.00","1,330,000.00","230,000.00",
,,1.02.0059,常州汉邦工程塑料股份有限公司,"210,042.26",,,,"1,386,345.91","1,176,303.65","210,042.26",
1122,应收账款,,,"129,189,109.85",,"1,976,190.86","20,032,825.40","148,526,842.49","159,387,369.89","111,132,475.31",
,,0004,广州利佰特汽车部件有限公司,,,,,,"80,823.72",,
,,0005,贵州东亿电气实业有限公司,"9,900,000.00",,,,,"9,900,000.00","9,900,000.00",
,,0006,深圳鑫宝通材料科技有限公司,,913.51,,,,"729,000.00",,913.51
,,0011,河南松川专用汽车有限公司,"250,963.00",,,"20,000.00",,"160,000.00","230,963.00",
,,0029,金发环保科技有限公司,,,,,"70,080.00","680,511.85",,
,,0032,东莞市言有信新能源科技有限公司,,"44,961.38",,,"5,996.91","46,706.29",,"44,961.38"
,,0035,嘉创中能（安徽）新材料有限公司,"1,922,839.92",,,,,,"1,922,839.92",
,,0041,上海彧彧实业有限公司,,,,,"3,648,000.00","3,648,000.00",,
,,1.01.0007,广东金发科技有限公司,"56,349.49",,,,"56,349.49",,"56,349.49",
,,1.01.0012,金发科技股份有限公司,"701,455.00",,,,,"50,010.00","701,455.00",
,,1.01.0020,宁波市阳光汽车配件有限公司,,,,,,"980,188.41",,
,,1.01.0041,佛吉亚（重庆）汽车零部件有限公司,"531,399.95",,"187,015.18",,"1,611,393.46","3,167,353.62","718,415.13",
,,1.01.0049,上海华魄贸易有限公司,"89,673.25",,"40,951.20","58,110.00","257,063.20","233,202.00","72,514.45",
,,1.01.0052,广州林骏汽车内饰件有限公司,"826,325.21",,"209,208.55",,"2,579,301.63","1,885,518.01","1,035,533.76",
,,1.01.0100,南京瑾煜合车辆配件销售有限公司,,,,,"205,598.92","205,598.92",,
,,1.01.0105,广东木王工业有限公司,,,,,"22,257.90","22,257.90",,
,,1.01.0119,浙江泓智新材料有限公司,"672,883.32",,"-250,386.31",,"2,942,072.99","2,696,255.00","422,497.01",
,,1.01.0120,广州长濑贸易有限公司,,,,,"26,202.67","26,202.67",,
,,1.01.0141,上迈（镇江）新能源科技有限公司,,,,,,"11,450.00",,
,,1.01.0157,拓普电动车热管理系统（宁波）有限公司,"87,773.43",,,"87,773.43","87,773.43","198,841.81",,
,,1.01.0164,重庆成佳汽车部件有限公司,"397,034.45",,,,"351,629.47",,"397,034.45",
,,1.01.0180,青岛瑞诺豪新材料科技有限公司,,,"33,925.00",,"33,925.00",,"33,925.00",
,,1.01.0189,悦驰专用车制造（唐山）有限公司,"39,905.16",,,,,,"39,905.16",
,,1.01.0190,湖北一专汽车股份有限公司,,,,"22,000.00","299,700.00","221,503.35",,"22,000.00"
,,1.01.0191,天津金发新材料有限公司,"22,789.28",,"2,155.24","22,789.28","54,068.23","92,790.74","2,155.24",
,,1.01.0193,宁波德驰汽车科技有限公司,"62,474.12",,,"20,957.44","143,684.17","212,896.19","41,516.68",
,,1.01.0195,河南冰盛制冷设备有限公司,"1,227.80",,"69,030.20","1,227.80","69,030.20","1,227.80","69,030.20",
,,1.01.0206,广州金发碳纤维新材料发展有限公司,"106,772,161.98",,,"15,896,609.17","108,676,877.90","75,229,141.22","90,875,552.81",
,,1.01.0209,深圳市上古光电有限公司,,"12,813.00",,,"30,495.50","5,000.00",,"12,813.00"
,,1.01.0211,深圳美团低空物流科技有限公司,,,,,,"30,250.00",,
,,1.01.0215,上海上化院天乐实业有限公司,0.01,,,,,,0.01,
,,1.01.0216,东营米德新材料有限公司,,650.00,,,,,,650.00
,,1.01.0221,湖南东亿电气股份有限公司,"1,122,982.00",,,,"607,782.00","5,000,000.00","1,122,982.00",
,,1.01.0229,苏州善瑞电子科技有限公司,,850.00,"11,209.04",,"15,168.54","3,959.50","10,359.04",
,,1.01.0232,宁波赛科效实科技股份有限公司,,,,,"219,855.00","219,855.00",,
,,1.01.0236,广西金巨石新能源科技有限公司,"5,461,287.60",,"603,216.60","2,900,000.00","12,450,069.60","17,225,500.00","3,164,504.20",
,,1.01.0238,苏州英利汽车部件有限公司,"686,814.55",,"412,017.75","686,814.55","2,437,337.16","2,858,386.38","412,017.75",
,,1.01.0241,青岛雅凯汽车工贸有限公司,,"237,585.17",,"115,735.36",,"353,320.56",,"353,320.53"
,,1.01.0242,苏州弘道新材料有限公司,,,,,,"79,305.10",,
,,1.01.0243,江苏华曼复合材料科技有限公司,,0.10,,,,"966,737.60",,0.10
,,1.01.0244,浙江杉盛模塑科技有限公司,0.02,,,,,,0.02,
,,1.01.0288,安徽凯晟材料科技有限公司,,,,,,"10,797.55",,
,,1.01.0295,浙江天台祥和实业股份有限公司,,,,,"10,164,672.00","17,998,008.00",,
,,1.01.0332,广东百汇达新材料有限公司,"19,759.81",,,"19,759.81","-2,522.84","34,336.81",,
,,1.01.0338,山东通迈车辆制造有限公司,,"314,780.88","314,780.88",,"314,780.88","314,781.07",,
,,1.01.0340,河北春晖专用汽车制造有限公司,"49,026.30",,,,,,"49,026.30",
,,1.01.0342,株洲时代新材料科技股份有限公司,"710,406.14",,"115,919.92",,"1,043,803.92","271,836.91","826,326.06",
,,1.01.0344,浙江天台利合轨道交通设备有限责任公司,,,"136,624.65",,"136,624.65","356,273.67","136,624.65",
,,1.01.0345,山东瑞圣达节能科技有限公司,,931.76,,,,,,931.76
,,1.01.0347,河南骏通车辆有限公司,"110,171.52",,,,,,"110,171.52",
,,1.01.0352,惠州亿纬锂能股份有限公司,,,"5,564.73",,"5,564.73",,"5,564.73",
,,1.01.0354,浙江锦宇汽车制造有限公司,,"45,549.00","45,549.00",,"139,419.00","139,419.00",,
,,1.01.0358,四川鑫运达汽车科技有限公司,,"134,408.90",,,,"176,580.12",,"134,408.90"
,,1.01.0361,江苏金巨石新能源科技有限公司,"458,357.89",,,"100,000.00","430,672.89","274,500.00","358,357.89",
,,1.01.0367,浩添（厦门）储能股份有限公司,0.01,,,,,,0.01,
,,1.01.0368,江苏中来新材科技有限公司,,,,,"-12,139.57",,,
,,1.01.0369,郑州红宇专用汽车有限责任公司,"29,413.00",,,,"29,413.00","16,681.00","29,413.00",
,,1.01.0370,哈尔滨工业大学,,,,,"5,017.20","5,017.20",,
,,1.01.0373,深圳市达威士科技有限公司,,,,,"6,441.00",,,
,,1.01.0377,江苏亨睿碳纤维科技有限公司,,,,,"5,459.26",,,
,,1.01.0390,广东玛丁尼乐器文化股份有限公司,"59,400.00",,,,"73,200.00","13,800.00","59,400.00",
,,1.01.0427,江苏亨睿汽车科技有限公司,,"6,780.00",,,,,,"6,780.00"
,,1.01.0448,浙江华源实业有限公司,,,,,,"3,624,000.00",,
,,1.01.0466,安徽威思特机械科技有限公司,,0.01,,,"65,231.30","65,231.31",,0.01
,,1.01.0474,苏州中来光伏新材股份有限公司,,,,,"12,139.57","12,139.57",,
,,1.01.0478,广州市鸣雅玛丁尼乐器制造有限公司,,,,,"13,200.00","13,200.00",,
,,1.02.0006,上海巍立实业有限公司,,,,,"16,000.00","72,659.53",,
,,1.02.0042,库卡机器人（广东）有限公司,"99,124.17",,,,"165,730.10","75,207.49","99,124.17",
,,1.02.0048,杭州翼菲机器人智能制造有限公司,"10,670.22",,,,,"49,958.60","10,670.22",
,,1.02.0049,余姚市银达电器有限公司,"80,000.00",,,"80,000.00","1,405,686.50","2,526,078.92",,
,,1.02.0052,东莞市建杰运动器材有限公司,,"39,405.00","39,405.00",,"39,405.00","39,405.00",,
,,1.02.0058,安庆创跃电器有限公司,,,,,"31,353.74","31,353.74",,
,,1.02.0059,常州汉邦工程塑料股份有限公司,337.48,,,,,"1,386,345.91",337.48,
,,1.02.0062,清远市广硕鞋业有限公司,,"1,775.00",,,,,,"1,775.00"
,,1.02.0064,邵东县龙丰实业有限公司,0.09,,,,,,0.09,
,,1.02.0065,科源（广州）精密科技有限公司,,"1,180,988.00",,,"-2,472,000.00","4,649,820.00",,"1,180,988.00"
,,1.02.0067,佛山市科智美家具有限公司,,,,,,"7,110.00",,
,,1.02.0068,深圳市泰迅数码有限公司,,"13,260.00",,,,,,"13,260.00"
,,1.02.0069,广州成至智能机器科技有限公司,,"6,000.00",,,,,,"6,000.00"
,,1.02.0074,超轫塑汽车材料科技(武汉)有限公司,,,,,"6,924.00",,,
,,1.020028,福建赛特冷链科技有限公司,"1,048.56",,,"1,048.56","1,048.56","1,048.56",,
,,2.010001,"INFLATABLE COMPOSITES, LLC",,"3,293.17",4.23,,4.23,-13.71,,"3,288.94"
1221,其他应收款,,,"6,053,657.58",,"10,026,993.35","26,979.48","11,832,402.47","284,357.14","16,053,671.45",
1221.01,　　客户往来,,,,"5,309.75","5,309.75",,"55,168.13","47,787.60",,
,,1.02.0065,科源（广州）精密科技有限公司,,"5,309.75","5,309.75",,"55,168.13","47,787.60",,
1221.02,　　供应商往来,,,"6,026,125.99",,,"12,729.50","1,669,035.50","71,382.00","6,013,396.49",
,,01.0043,佛山市盈娇恒新材料有限公司,"6,066,152.99",,,,"1,650,410.00",,"6,066,152.99",
,,07.0219,特该泽（广州）塑料包装材料有限责任公司,,"40,027.00",,"12,729.50","18,625.50","71,382.00",,"52,756.50"
1221.03,　　员工往来,,,"74,353.84",,"21,683.60","14,249.98","87,837.84","103,314.04","81,787.46",
,,001,唐云庆,"14,228.32",,"21,683.60","14,249.98","43,989.84","62,314.04","21,661.94",
,,004,谢茂香,,,,,"41,000.00","41,000.00",,
,,026,刘杰,"15,400.00",,,,,,"15,400.00",
,,070,潘伟豪,"2,848.00",,,,"2,848.00",,"2,848.00",
,,K032434,周小姣,"41,877.52",,,,,,"41,877.52",
1221.05,　　关联方往来,,,,,"10,000,000.00",,"10,000,000.00",,"10,000,000.00",
,,1.01.0012,金发科技股份有限公司,,,"10,000,000.00",,"10,000,000.00",,"10,000,000.00",
1221.06,　　其他,,,,"41,512.50",,,"20,361.00","61,873.50",,"41,512.50"
1231,坏账准备,,,,"1,072,974.98",,,,"198,693.66",,"1,072,974.98"
1231.01,　　应收账款,,,,"757,105.47",,,,"115,393.48",,"757,105.47"
1231.02,　　其他应收款,,,,"315,869.51",,,,"83,300.18",,"315,869.51"
1403,原材料,,,137.17,,"13,457.75","11,192.26","13,745,728.45","13,743,462.96","2,402.66",
1404,材料成本差异,,,,,,,,,,
1405,库存商品,,,142.42,,"15,983,389.07","15,983,531.49","89,364,031.84","89,440,269.63",,
1406,发出商品,,,"14,383,001.68",,"16,442,118.18","859,363.63","104,186,835.70","119,947,349.81","29,965,756.23",
,,0004,广州利佰特汽车部件有限公司,"58,156.74",,"-58,156.75",,,,,0.01
,,0029,金发环保科技有限公司,,,,,"56,401.68","56,401.68",,
,,0041,上海彧彧实业有限公司,,,,,"3,221,238.94","3,221,238.94",,
,,1.01.0012,金发科技股份有限公司,0.01,,,,0.01,,0.01,
,,1.01.0017,龙门县同昌汽车新材料有限公司,,"3,232.92","3,089.05",,"3,089.05",,,143.87
,,1.01.0020,宁波市阳光汽车配件有限公司,"14,729.83",,"-32,350.15",,"-32,350.15",,,"17,620.32"
,,1.01.0040,重庆大学,,811.47,,-811.47,,-811.47,,
,,1.01.0041,佛吉亚（重庆）汽车零部件有限公司,"226,112.02",,"71,427.85","150,488.26","1,353,166.86","1,357,520.18","147,051.61",
,,1.01.0044,重庆迅昌汽车零部件有限公司,"1,420.19",,"-1,420.19",,"-1,420.19",,,
,,1.01.0049,上海华魄贸易有限公司,,,"21,228.90","16,236.19","142,112.06","137,119.35","4,992.71",
,,1.01.0052,广州林骏汽车内饰件有限公司,"1,125.40",,"-10,341.27",-3.50,"-39,166.48","2,308,948.57",,"9,212.37"
,,1.01.0100,南京瑾煜合车辆配件销售有限公司,,123.10,,,"131,704.35","219,181.55",,123.10
,,1.01.0118,上海邦中新材料有限公司,"1,088.85",,"-1,088.85",,"-1,088.85",,,
,,1.01.0119,浙江泓智新材料有限公司,,"155,389.21",,"-155,389.21","1,362,924.35","1,756,527.75",,
,,1.01.0120,广州长濑贸易有限公司,"7,398.35",,"-4,278.36",,"21,896.04","26,174.40","3,119.99",
,,1.01.0157,拓普电动车热管理系统（宁波）有限公司,"108,776.79",,,,,"102,137.19","108,776.79",
,,1.01.0164,重庆成佳汽车部件有限公司,,,,,"277,338.58","277,388.73",,
,,1.01.0177,宁波信泰机械有限公司,0.15,,,,,,0.15,
,,1.01.0180,青岛瑞诺豪新材料科技有限公司,,,"12,408.64","12,408.64","12,408.64","12,408.64",,
,,1.01.0190,湖北一专汽车股份有限公司,,,"21,653.30",,"21,653.30","174,686.73","21,653.30",
,,1.01.0191,天津金发新材料有限公司,"1,691.16",,,"1,691.16","6,306.02","43,282.21",,
,,1.01.0193,宁波德驰汽车科技有限公司,"26,647.68",,"13,323.84",,"117,560.88","77,669.36","39,971.52",
,,1.01.0195,河南冰盛制冷设备有限公司,,770.90,"41,826.22","41,303.39","41,826.22","41,303.39",,248.07
,,1.01.0206,广州金发碳纤维新材料发展有限公司,"7,845,764.04",,"8,398,666.44",,"63,418,630.09","88,434,859.41","16,244,430.48",
,,1.01.0207,广州市道智电子科技有限公司,"1,983.26",,,,,,"1,983.26",
,,1.01.0209,深圳市上古光电有限公司,,,,,"13,943.73","13,943.73",,
,,1.01.0211,深圳美团低空物流科技有限公司,,631.86,,-631.86,,-631.86,,
,,1.01.0221,湖南东亿电气股份有限公司,,,,,"537,860.18","537,860.18",,
,,1.01.0229,苏州善瑞电子科技有限公司,"2,379.02",,,"2,379.02","2,802.10","2,802.10",,
,,1.01.0232,宁波赛科效实科技股份有限公司,,,,,"170,524.34","191,940.27",,
,,1.01.0236,广西金巨石新能源科技有限公司,,,"362,438.82","362,438.82","7,278,181.75","7,335,652.68",,
,,1.01.0238,苏州英利汽车部件有限公司,"112,679.13",,"152,368.58","224,472.68","1,056,177.24","1,340,687.69","40,575.03",
,,1.01.0241,青岛雅凯汽车工贸有限公司,26.54,,,,,,26.54,
,,1.01.0242,苏州弘道新材料有限公司,"10,873.75",,,,-647.14,,"10,873.75",
,,1.01.0243,江苏华曼复合材料科技有限公司,"34,737.42",,"-34,737.42",,"-34,737.42",,,
,,1.01.0295,浙江天台祥和实业股份有限公司,,,,,"8,924,059.40","8,924,059.40",,
,,1.01.0332,广东百汇达新材料有限公司,"16,751.59",,,,"7,169.58","-19,638.74","16,751.59",
,,1.01.0342,株洲时代新材料科技股份有限公司,"57,979.96",,"62,771.17","62,451.46","459,647.89","537,120.85","58,299.67",
,,1.01.0344,浙江天台利合轨道交通设备有限责任公司,"51,997.34",,"58,156.75","110,154.09","58,156.75","110,154.09",,
,,1.01.0352,惠州亿纬锂能股份有限公司,0.15,,,0.13,,0.13,0.02,
,,1.01.0354,浙江锦宇汽车制造有限公司,,,"32,175.83","32,175.83","95,711.53","95,711.53",,
,,1.01.0357,长沙福坤汽车科技有限责任公司,0.10,,-0.10,,-0.10,,,
,,1.01.0361,江苏金巨石新能源科技有限公司,"5,723,639.87",,"6,969,716.57",,"12,982,121.73","288,766.50","12,693,356.44",
,,1.01.0362,佛山市利铭蜂窝复合材料有限公司,,,,,-30.77,,,
,,1.01.0368,江苏中来新材科技有限公司,,,,,"-19,239.34","-19,239.34",,
,,1.01.0369,郑州红宇专用汽车有限责任公司,,,"37,980.77",,"61,890.85","23,910.08","37,980.77",
,,1.01.0370,哈尔滨工业大学,0.06,,-0.06,,1.39,1.39,,
,,1.01.0373,深圳市达威士科技有限公司,,,,,0.30,0.30,,
,,1.01.0377,江苏亨睿碳纤维科技有限公司,,,,,,"3,040.47",,
,,1.01.0390,广东玛丁尼乐器文化股份有限公司,,,,,"11,895.47","80,922.02",,
,,1.01.0466,安徽威思特机械科技有限公司,,,,,"45,578.29","45,578.29",,
,,1.01.0474,苏州中来光伏新材股份有限公司,,,,,"19,239.34","19,239.34",,
,,1.02.0006,上海巍立实业有限公司,35.30,,,,,0.02,35.30,
,,1.02.0041,南京泉峰科技有限公司,2.00,,-2.00,,-2.00,,,
,,1.02.0042,库卡机器人（广东）有限公司,,45.00,"25,539.24",,"74,450.63","48,956.39","25,494.24",
,,1.02.0049,余姚市银达电器有限公司,"236,378.14",,"299,721.36",,"1,279,599.18","1,073,550.18","536,099.50",
,,1.02.0058,安庆创跃电器有限公司,"1,631.31",,,,"1,616.18","20,292.29","1,631.31",
,,1.02.0059,常州汉邦工程塑料股份有限公司,,0.01,,,,,,0.01
,,1.02.0065,科源（广州）精密科技有限公司,,,,,"1,046,632.98","1,046,632.98",,
,,1.020028,福建赛特冷链科技有限公司,,,,,0.24,0.24,,
1408,委托加工物资,,,,,,,,,,
,,01.0067,广州德运金属品有限公司,,"171,720.90",,,,,,"171,720.90"
,,04.0028,佛山三水宝钢钢材部件有限公司,"171,720.90",,,,,,"171,720.90",
1411,周转材料,,,"2,349,769.42",,"1,979,984.37","1,749,663.42","8,452,852.54","7,651,606.20","2,580,090.37",
1411.01,　　备品备件,,,"2,087,928.54",,"1,697,268.12","1,519,545.76","7,142,365.20","6,535,016.21","2,265,650.90",
1411.02,　　包材,,,"25,014.15",,"18,069.92","35,295.76","120,101.60","114,201.42","7,788.31",
1411.03,　　劳保用品,,,"146,321.09",,"145,008.41","78,358.00","569,212.38","420,924.35","212,971.50",
1411.04,　　耗材,,,"90,505.64",,"119,637.92","116,463.90","621,173.36","581,464.22","93,679.66",
1601,固定资产,,,"78,647,231.26",,"134,320.98","5,117.30","2,031,989.28","5,452.13","78,776,434.94",
,,02,机器设备,"75,769,905.24",,,"1,292.25","1,779,873.34","1,292.25","75,768,612.99",
,,03,模具,"1,651,978.62",,,,"16,814.16",,"1,651,978.62",
,,04,运输设备,"640,188.87",,,,,,"640,188.87",
,,05,电子设备,"465,901.10",,"64,028.94","3,825.05","150,840.08","4,159.88","526,104.99",
,,06,其他设备,"119,257.43",,"70,292.04",,"84,461.70",,"189,549.47",
1602,累计折旧,,,,"19,004,264.16","2,745.64","832,900.41","4,742.32","6,240,395.58",,"19,834,418.93"
,,02,机器设备,,"18,126,125.08","1,227.64","786,778.79","3,224.32","5,927,658.86",,"18,911,676.23"
,,03,模具,,"390,564.51",,"22,082.27",,"152,978.57",,"412,646.78"
,,04,运输设备,,"310,735.57",,"11,770.73",,"82,395.11",,"322,506.30"
,,05,电子设备,,"151,306.56","1,518.00","10,879.97","1,518.00","68,472.31",,"160,668.53"
,,06,其他设备,,"25,532.44",,"1,388.65",,"8,890.73",,"26,921.09"
1604,在建工程,,,"14,265.49",,,,,,"14,265.49",
1604.02,　　底护板模压专线,,,"14,265.49",,,,,,"14,265.49",
1606,固定资产清理,,,,,"2,371.66","2,371.66","2,706.49","2,706.49",,
1701,无形资产,,,"36,939.50",,"11,129.25",,"48,068.75",,"48,068.75",
1701.03,　　ERP项目,,,"36,939.50",,"11,129.25",,"48,068.75",,"48,068.75",
1801,长期待摊费用,,,"7,855,846.90",,"237,557.85","204,071.67","1,388,736.63","1,337,591.41","7,889,333.08",
1811,递延所得税资产,,,"18,184,839.03",,,,"87,328.55","37,655.13","18,184,839.03",
2001,短期借款,,,,,,"10,000,000.00",,"10,000,000.00",,"10,000,000.00"
2202,应付账款,,,,"123,033,894.62","16,098,058.48","17,640,230.83","198,415,297.32","183,509,829.39",,"124,576,066.97"
2202.01,　　暂估应付款,,,,"34,391,091.73","4,715,242.87","10,180,140.74","93,570,810.58","59,727,892.15",,"39,855,989.60"
,,01.0001,成都金发科技新材料有限公司,,"1,136,579.20",,,,"170,524.34",,"1,136,579.20"
,,01.0004,佛山市沅胜化工有限公司,,,,,"26,991.15",,,
,,01.0005,广东沛达复合材料有限公司,,"2,632.74",,,,,,"2,632.74"
,,01.0009,广州盈骄恒贸易有限公司,,"515,317.70",,,,"56,371.68",,"515,317.70"
,,01.0011,嘉兴华丽非织布制品有限公司,,235.96,,,,,,235.96
,,01.0018,浙江华江科技股份有限公司,,,,,"6,306.02","6,306.02",,
,,01.0020,重庆国际复合材料股份有限公司,,"8,382.58",,,,,,"8,382.58"
,,01.0032,山东邦泰环保材料有限公司,,,,,"-22,221.03",,,
,,01.0033,广东金发科技有限公司,,"85,029.12","128,795.26","107,257.26","315,970.03","302,113.83",,"63,491.12"
,,01.0044,东莞市蓝海五金科技有限公司,,158.65,,,,,,158.65
,,01.0047,德州联合拓普复合材料科技有限公司,26.92,,,,,,26.92,
,,01.0048,广州兴攀金属加工有限公司,97.57,,,,,,97.57,
,,01.0054,佛山市多邦高分子材料有限公司,,"3,535.40",,,,,,"3,535.40"
,,01.0055,嘉兴华雯化工股份有限公司,,,,,"130,619.47",,,
,,01.0067,广州德运金属品有限公司,"7,351.33",,,,,,"7,351.33",
,,01.0074,"XAMAX Industries, Inc.",,"30,609.15","5,206.02",,"39,950.53","17,881.54",,"25,403.13"
,,01.0090,天台银轮工贸发展有限公司,,"2,909,734.51",,,"9,030,088.49","8,923,893.80",,"2,909,734.51"
,,01.0098,东莞市发莲塑胶电子有限公司,,"633,716.81",,,,,,"633,716.81"
,,01.102,江苏华曼复合材料科技有限公司,"4,644.30",,,,,,"4,644.30",
,,01.103,江苏绿安擎峰新材料有限公司,,"1,312,654.87",,,"2,713,893.80","4,026,548.67",,"1,312,654.87"
,,01.105,东莞市越达塑胶原料有限公司,,"21,175,013.27","2,545,752.21",,"12,209,838.05","537,860.19",,"18,629,261.06"
,,01.109,吉林国兴复合材料有限公司,,,,,"4,911.49",,,
,,02.0003,东莞市英迈五金科技有限公司,,"24,159.29","37,389.38","37,964.60","162,026.55","149,035.40",,"24,734.51"
,,02.0005,佛山市南海区里水鑫程佳胶辊厂,,"27,522.12",,,"18,584.07","27,522.12",,"27,522.12"
,,02.0007,佛山市顺德区陇盛机械有限公司,,"3,353.98","7,137.17","3,783.19","7,137.17","3,783.19",,
,,02.0010,广东瑞洲科技有限公司,,,,"4,867.25","7,995.57","8,561.94",,"4,867.25"
,,02.0011,广州汇通启航电热设备有限公司,,,,,"4,424.78",,,
,,02.0014,广州市潮龙天工业科技有限公司,,"46,365.25","101,650.65","74,501.77","386,166.84","358,752.93",,"19,216.37"
,,02.0016,广州市恒久信息科技有限公司,,"14,053.11",,,,"5,327.44",,"14,053.11"
,,02.0021,广州市先知精密机械制造有限公司,,"1,530.99",,,,,,"1,530.99"
,,02.0023,广东友仪技术股份有限公司,,,,,"13,451.33",,,
,,02.0024,杭州爱科科技股份有限公司,,"13,230.09","13,230.09",,"88,411.50","84,030.97",,
,,02.0027,江苏瑞畅复合材料有限公司,,,"400,897.53","537,610.46","2,461,680.23","2,413,502.68",,"136,712.93"
,,02.0038,上海沛龙特种胶粘材料有限公司,,,,"8,155.75","61,168.13","69,323.88",,"8,155.75"
,,02.0040,深圳市忠鑫激光刀模有限公司,,"1,238.94","1,238.94",,"1,238.94",,,
,,02.0044,广州扬洋贸易有限公司,,"3,424.77","6,302.87","8,449.77","33,683.40","29,927.65",,"5,571.67"
,,02.0045,深圳市义正切割设备耗材有限公司,,,,"7,306.19","29,224.76","36,530.95",,"7,306.19"
,,02.0050,东莞市耀欣山柯高切削刀具有限公司,,"7,964.60","7,964.60","15,575.21","85,752.17","78,230.05",,"15,575.21"
,,02.0052,佛山市盛图科技有限公司,,"19,238.92",,,,"6,716.81",,"19,238.92"
,,02.0054,东莞市锐通机械刀具有限公司,,"86,106.18",,"10,929.21","162,663.70","108,716.83",,"97,035.39"
,,02.0057,广州富强机械设备有限公司,,"15,227.44",,"13,024.77",,"25,856.62",,"28,252.21"
,,02.0058,东莞市莱森精密机电有限公司,,,,,"32,823.01","32,823.01",,
,,02.0060,深圳市美仑化学有限公司,,,,,983.00,"-1,252.54",,
,,02.0061,上海铨宏热能设备工程有限公司,,"13,716.81",,,,,,"13,716.81"
,,02.0065,威海市通联精密机械有限公司,,"8,849.56",,,,,,"8,849.56"
,,02.0068,四维机械科技（广州）有限公司,,"156,230.10","381,167.26","224,937.16","957,337.17","923,987.62",,
,,02.0069,广州金慈电气有限公司,,,,,"50,298.28","18,960.20",,
,,02.0071,林德（中国）叉车有限公司广州分公司,,,,,"13,274.33","7,964.60",,
,,02.0074,深圳市亚凯斯科技有限公司,,"22,000.00",,,,,,"22,000.00"
,,02.0075,上海高畴机电设备有限公司,,,"6,017.70","6,017.70","15,309.74","12,212.39",,
,,02.0078,台州辰工机械厂,,"2,566.37","5,752.21","3,185.84","5,752.21","5,752.21",,
,,02.0089,安徽腾旋机械制造有限公司,,849.56,,"6,371.68",,"6,371.68",,"7,221.24"
,,02.0091,威海亚非达机械科技有限公司,,"13,085.84",,,,"7,646.01",,"13,085.84"
,,02.0095,东莞市中堂升源刀模加工厂,,"55,087.48",,,"38,252.46","78,047.91",,"55,087.48"
,,02.0098,威海百合模具有限公司,,"39,252.24","38,119.48",194.68,"38,119.48","34,845.13",,"1,327.44"
,,02.0099,东莞康幸电子设备有限公司,,"6,137.14","6,137.14","6,460.17","54,960.13","28,084.03",,"6,460.17"
,,02.0100,东莞市瑞诚研磨材料有限公司,,"1,438.05","1,438.05","1,438.05","5,119.46","6,557.51",,"1,438.05"
,,02.0105,广州润麟材料技术有限公司,,"1,407.08",690.27,,"2,761.07","3,477.88",,716.81
,,02.0106,清远万行五金有限公司,,"10,991.18",,,"108,191.78","10,991.18",,"10,991.18"
,,02.0113,清远市汇友五金建材有限公司,,"178,533.74","205,487.28","140,031.64","968,938.61","909,349.09",,"113,078.10"
,,02.0114,广州市腾孚化工有限公司,,,,,"200,530.98","200,530.98",,
,,02.0120,广州潘记工业气体有限公司,,265.49,,,265.49,530.98,,265.49
,,02.0121,上海益发物联科技有限公司,,"10,460.17","2,654.86","3,274.33","162,864.55","141,229.15",,"11,079.64"
,,02.0124,威海市环翠区铭材机械制造厂,,"4,842.95","17,402.66","37,566.37","154,188.51","177,498.25",,"25,006.66"
,,02.0126,斯伊利商贸（上海）有限公司,,"8,787.61",,,,,,"8,787.61"
,,02.0127,克鲁勃润滑剂（上海）有限公司,,,"53,251.00","53,251.00","53,251.00","53,251.00",,
,,02.0132,江苏斯凯氟复合材料有限公司,,"63,137.16","63,137.16","39,530.97","149,598.21","189,129.18",,"39,530.97"
,,02.0140,泰旋机械科技（上海）有限公司,,"10,000.00",,,,"1,858.41",,"10,000.00"
,,02.0141,广州市德伯技高工业技术股份有限公司,,,,,"2,697.35","2,697.35",,
,,02.0142,清远市正德机械设备自动化科技有限公司,,707.96,707.96,,"15,946.91","10,460.18",,
,,02.0143,广东正德材料表面科技有限公司,,,,,"114,690.27","114,690.27",,
,,02.0146,佛山市科旭达机电设备有限公司,,"21,394.70","26,205.30","54,485.69","176,354.64","189,040.35",,"49,675.09"
,,02.0147,惠州市江胡科技有限公司,,283.19,,,,,,283.19
,,02.0151,kingfa SCi&TECH （Europe） GmbH,,"7,815.33","2,402.94",,"3,414.82","11,024.49",,"5,412.39"
,,02.0153,佛山市沛钰科技有限公司,,"1,725.66","1,681.42",-44.24,"3,362.84","3,362.84",,
,,02.0156,东莞湃清低温设备有限公司,,,,,"2,920.35","2,628.31",,
,,02.0158,厦门特印实业有限公司,,"4,805.31",,,,,,"4,805.31"
,,02.0160,东莞市建拓刀具技术有限公司,,"2,824.78",,"1,876.10","9,008.85","11,851.33",,"4,700.88"
,,02.0162,江阴市朗力润滑技术有限公司,,,,,"39,823.01","7,964.60",,
,,02.0163,安徽省金屹等离子体电源科技有限公司,,,"236,814.18","276,106.21","236,814.18","276,106.21",,"39,292.03"
,,02.0164,荣海新材料（东莞）有限公司,,"1,592.92","1,592.92",141.59,"14,654.85","14,796.44",,141.59
,,02.0167,深圳市得利高丝印器材有限公司,,"2,707.96","2,707.96",,"8,123.88","8,123.88",,
,,02.0169,东莞市金博自动化械科技有限公司,,920.35,,,,920.35,,920.35
,,02.0170,宁波耐邦胶粘制品有限公司,,"5,309.73",,,,"5,309.73",,"5,309.73"
,,02.0171,东莞市胜牌电线电缆有限公司,,,,,"2,322.12","2,322.12",,
,,02.0172,江苏金紫轩金属科技有限公司,,,,,"7,362.84","7,362.84",,
,,02.0173,清远市冠阳燃气有限公司,,,,,"2,568.81","2,568.81",,
,,02.0174,固尔美机械科技（苏州）有限公司,,,,,"6,637.17","6,637.17",,
,,02.0175,东莞市柯澜润滑油科技有限公司,,884.96,884.96,,884.96,884.96,,
,,02.0176,青岛力川机电设备有限公司,,752.21,"19,057.52","18,305.31","19,057.52","19,057.52",,
,,02.0177,广州市翎滤净化设备有限公司,,,"28,672.57","28,672.57","28,672.57","28,672.57",,
,,03.0002,广州美承塑料有限公司,,189.38,,"19,115.04","42,914.14","57,761.93",,"19,304.42"
,,03.0003,广州市黄埔区九佛成业印刷厂,,"8,853.96","13,889.36","5,035.40","51,473.39","30,092.88",,
,,03.0009,深圳市鼎盛鑫胶管有限公司,,,,,"24,513.27","24,513.27",,
,,03.0012,广州市林稀包装材料有限公司,,,,,"2,300.88","2,300.88",,
,,03.0014,佛山市南海伟星纸品有限公司,,,,,"11,904.43","6,860.18",,
,,03.0019,广东艾依格家居有限公司,,"15,444.25",,,,"3,982.30",,"15,444.25"
,,04.0002,广州市熙川复合材料制品有限公司,,318.58,,,,318.58,,318.58
,,04.0006,嘉兴翔翌复合材料有限公司,,"1,769.91",,,"69,788.06",-0.01,,"1,769.91"
,,04.0010,科源（广州）精密科技有限公司,,"17,015.51",,"9,787.61","237,985.54","9,787.61",,"26,803.12"
,,04.0013,河源市普立隆新材料科技有限公司,,132.74,,,,,,132.74
,,04.0018,广州耐捷标识技术有限公司,,"15,575.22","36,017.70","20,442.48","121,097.34","105,345.13",,
,,04.0020,佛山市顺德区铭宏塑料制品有限公司,,880.53,,,,,,880.53
,,04.0021,广州市大河物流器材有限公司,,"17,637.17",,,,,,"17,637.17"
,,04.0023,深圳市润大世纪碳纤维材料科技有限公司,,"27,876.11","27,876.11",,"27,876.11","27,876.11",,
,,04.0025,广州金三五金制品有限公司,,"9,490.26",,,,,,"9,490.26"
,,04.0029,广州市华鑫复合材料科技有限公司,,,,,"69,026.55",,,
,,05.0001,东莞吉欧塑料片板膜辅助设备制造有限公司,,"1,592.92",,,,,,"1,592.92"
,,05.0014,广州市番禺区鼎申数控机床厂,,"6,371.68",,,,"6,371.68",,"6,371.68"
,,05.0020,英彼克传动系统（上海）有限公司,,,,,"295,348.75","295,348.75",,
,,05.0021,射阳华力纺织机械有限公司,,"3,185.84",,,"12,831.86","12,831.86",,"3,185.84"
,,05.0032,青岛精灵机械有限公司,,180.53,,,,,,180.53
,,05.0041,东莞市致能机械有限公司,,,,,"3,539.82","3,539.82",,
,,05.0045,惠州博源模具科技有限公司,,"132,300.86","132,300.86",,"132,300.86",,,
,,05.0048,国塑机械（上海）有限公司,,,,"15,044.25",,"15,044.25",,"15,044.25"
,,05.0051,广东绿肯新材料科技有限公司,,769.91,,,"7,769.91","7,256.64",,769.91
,,05.0053,东莞市福奇复合材料科技有限公司,,"45,096.89",,,,,,"45,096.89"
,,05.0057,广东云昌空压机有限公司,,486.73,,,,486.73,,486.73
,,05.0080,昆山德润斯机械设备有限公司,,"57,663.72",,,"4,778.76","58,637.17",,"57,663.72"
,,05.0081,深圳市奥德机械有限公司,,"1,061.95",,,,,,"1,061.95"
,,05.0083,张家港市博迪塑料机械有限公司,,,,,"13,592.92","13,592.92",,
,,05.0088,吉林省华阳新材料研发有限公司,,,,,"269,178.76",,,
,,05.0091,东莞市常盈碳纤模具有限公司,,,,"35,398.23","7,079.64","35,398.23",,"35,398.23"
,,05.0097,昆山圣翰智能机械科技有限公司,,"44,734.53","54,115.06","9,380.53","54,115.06","44,650.46",,
,,05.0098,东莞市赫泰智能设备有限公司,,,,,"6,569.91","6,569.91",,
,,05.0103,江苏万事预复合材料科技有限公司,,"10,619.47",,,,"10,619.47",,"10,619.47"
,,05.107,广州市绿元复合材料技术有限公司,,"3,982.30","4,938.05","6,053.10","4,938.05","10,035.40",,"5,097.35"
,,06.0001,广州市远固劳保用品有限公司,,"11,736.99","11,736.99","14,318.45","68,999.94","70,200.69",,"14,318.45"
,,06.0002,广州曦辉服饰有限公司,,,"9,292.04","9,292.04","17,930.97","9,292.02",,
,,07.0010,广州金发碳纤维新材料发展有限公司,,"5,179,258.56",,"8,255,118.86","60,228,174.44","37,729,094.83",,"13,434,377.42"
,,07.0083,北京京东工业品贸易有限公司,,"47,455.69","62,378.75","49,926.50","68,983.14","101,284.32",,"35,003.44"
,,07.0133,浙江天台祥和实业股份有限公司,,,,,"4,446.90",,,
,,07.0189,广州华茂机械模具有限公司,,"5,150.43","5,150.43",,"23,256.63","5,150.43",,
2202.02,　　明细应付款,,,,,,,"12,457.69","12,457.69",,
,,02.0151,kingfa SCi&TECH （Europe） GmbH,,,,,"12,457.69","12,457.69",,
2202.03,　　材料供应商,,,"12,298,888.52",,,"3,049,083.77","43,637,738.54","27,620,554.31","9,249,804.75",
,,01.0001,成都金发科技新材料有限公司,,"861,315.00",,,,,,"861,315.00"
,,01.0002,东莞市凯文化工有限公司,,,,,"3,450.00",,,
,,01.0004,佛山市沅胜化工有限公司,,,,,"30,500.00","30,500.00",,
,,01.0012,金发科技股份有限公司,,"5,129,928.00",,,,,,"5,129,928.00"
,,01.0018,浙江华江科技股份有限公司,,,,,"7,125.80","7,125.80",,
,,01.0019,中国巨石股份有限公司,"26,845.08",,,"26,845.08","26,845.08","26,845.08",,
,,01.0020,重庆国际复合材料股份有限公司,"16,244.12",,,,"16,244.12",,"16,244.12",
,,01.0022,惠阳钰城泰化工有限公司,,,,,"16,740.00",,,
,,01.0025,泰山玻璃纤维有限公司,,,,,"162,782.50",,,
,,01.0032,山东邦泰环保材料有限公司,,,,,"15,352.00","-25,109.76",,
,,01.0033,广东金发科技有限公司,,"213,940.68",,"145,538.69","34,441.84","357,046.19",,"359,479.37"
,,01.0047,德州联合拓普复合材料科技有限公司,,,,,"496,283.00",,,
,,01.0054,佛山市多邦高分子材料有限公司,,"1,000.00",,,,,,"1,000.00"
,,01.0055,嘉兴华雯化工股份有限公司,,,,,"147,600.00","147,600.00",,
,,01.0081,南京玻璃纤维研究设计院有限公司,,,,,,"3,180.00",,
,,01.0090,天台银轮工贸发展有限公司,"3,288,000.00",,,,"16,900,000.00","10,204,000.00","3,288,000.00",
,,01.0098,东莞市发莲塑胶电子有限公司,"716,100.00",,,,"1,206,025.00",,"716,100.00",
,,01.102,江苏华曼复合材料科技有限公司,,,,,"1,407,799.20",,,
,,01.103,江苏绿安擎峰新材料有限公司,"1,483,300.00",,,,"3,640,000.00","3,066,700.00","1,483,300.00",
,,01.105,东莞市越达塑胶原料有限公司,"12,974,583.00",,,"2,876,700.00","14,895,000.00","13,797,117.00","10,097,883.00",
,,01.109,吉林国兴复合材料有限公司,,,,,"5,550.00","5,550.00",,
,,01.121,江西圣沐实业有限公司,,,,,"3,630,000.00",,,
,,01.123,广东盛化塑胶科技有限公司,,,,,"996,000.00",,,
2202.04,　　固定资产供应商,,,"6,465,137.32",,"1,030,172.69","535,412.69","13,130,676.16","4,579,895.87","6,959,897.32",
,,01.096,江苏金发科技新材料有限公司,,,"3,882.69","3,882.69","3,882.69","3,882.69",,
,,05.0002,广东顺德万德嘉机电设备有限公司,,,"37,600.00","37,600.00","122,834.00","122,834.00",,
,,05.0004,清远市清城区石角镇金鑫电器维修部,,,,,"14,370.00","14,370.00",,
,,05.0012,广州尚洁环保科技股份有限公司,,,"86,800.00","86,800.00","86,800.00","86,800.00",,
,,05.0014,广州市番禺区鼎申数控机床厂,,"28,500.00",,,"88,000.00","32,787.61",,"28,500.00"
,,05.0017,广州五杰机械有限公司,,"292,477.88",,,,,,"292,477.88"
,,05.0020,英彼克传动系统（上海）有限公司,,,,,"528,620.87","333,744.10",,
,,05.0021,射阳华力纺织机械有限公司,,,,,"21,700.00","14,500.00",,
,,05.0032,青岛精灵机械有限公司,"138,000.00",,,,,,"138,000.00",
,,05.0041,东莞市致能机械有限公司,"39,710.00",,,,"43,710.00","4,000.00","39,710.00",
,,05.0043,东莞市福聚多汽车设备有限公司,,,,,"9,500.00","19,000.00",,
,,05.0045,惠州博源模具科技有限公司,,,,"149,500.00",,"149,500.00",,"149,500.00"
,,05.0048,国塑机械（上海）有限公司,,"1,684,700.00",,,"97,200.00","48,600.00",,"1,684,700.00"
,,05.0051,广东绿肯新材料科技有限公司,"2,224,016.20",,,,"3,091,670.00","358,653.80","2,224,016.20",
,,05.0060,东莞市森钛自动化科技有限公司,,,"57,600.00",,"57,600.00",,"57,600.00",
,,05.0063,安徽新冀精密机械有限公司,,"396,000.00",,,,,,"396,000.00"
,,05.0064,南京帝鼎数控科技有限公司,,,,,"12,500.00",,,
,,05.0066,广东省石油化工建设集团有限公司,"36,000.00",,"13,000.00","13,000.00","1,065,323.60","1,083,323.60","36,000.00",
,,05.0068,广东青昊节能科技有限公司,"36,700.00",,,,,,"36,700.00",
,,05.0078,卡塞尔机械（浙江）有限公司,,"29,000.00",,,,,,"29,000.00"
,,05.0080,昆山德润斯机械设备有限公司,,,"3,200.00",,"5,400.00","5,400.00","3,200.00",
,,05.0081,深圳市奥德机械有限公司,"1,200.00",,,,,,"1,200.00",
,,05.0082,清远市博创信息科技有限公司,,,,,"67,950.00","67,950.00",,
,,05.0083,张家港市博迪塑料机械有限公司,,"74,360.00","15,360.00",,"605,760.00","605,360.00",,"59,000.00"
,,05.0084,广东荣顺电气有限公司,,,,,"6,380.00","6,380.00",,
,,05.0086,广州市斯睿特智能科技有限公司,,"19,600.00","115,680.00",,"174,480.00","15,784.07","96,080.00",
,,05.0088,吉林省华阳新材料研发有限公司,,,,,"122,972.00","304,172.00",,
,,05.0090,宁波宏顺精密机械有限公司,"300,800.00",,,,,,"300,800.00",
,,05.0091,东莞市常盈碳纤模具有限公司,,,,,"8,000.00","8,000.00",,
,,05.0092,南通力威模具制造有限公司,"129,000.00",,,,,,"129,000.00",
,,05.0094,深圳三思纵横科技股份有限公司,"47,900.00",,,,"78,300.00","76,000.00","47,900.00",
,,05.0097,昆山圣翰智能机械科技有限公司,,,,"61,150.00",,"61,150.00",,"61,150.00"
,,05.0098,东莞市赫泰智能设备有限公司,"763,800.00",,"465,000.00",,"1,908,224.00","967,424.00","1,228,800.00",
,,05.0099,基恩士（中国）有限公司,"368,000.00",,,,,,"368,000.00",
,,05.0100,东莞市维鸿精密仪器有限公司,"475,500.00",,,,"241,500.00",,"475,500.00",
,,05.0101,东莞市精创机械设备有限公司,"218,520.00",,,,"218,520.00",,"218,520.00",
,,05.0103,江苏万事预复合材料科技有限公司,"2,349,000.00",,,,"2,349,000.00",,"2,349,000.00",
,,05.0104,星运轻量化科技（南京）有限公司,"716,700.00",,"-162,000.00",,"554,700.00",,"554,700.00",
,,05.0105,广东粤北中天企业管理有限公司,"7,500.00",,"7,500.00","15,000.00","15,000.00","15,000.00",,
,,05.0106,阿特森匠人（天津）智能科技有限公司,"111,600.00",,,,"111,600.00",,"111,600.00",
,,05.0107,标格达精密仪器（广州）有限公司,,,,,"6,800.00","6,800.00",,
,,05.0108,中山市锦盛云储仓储设备有限公司,"23,829.00",,"79,430.00","79,430.00","103,259.00","79,430.00","23,829.00",
,,05.0109,广东利迅达机器人系统股份有限公司,"138,000.00",,,,"138,000.00",,"138,000.00",
,,05.0110,广东创坤科技有限公司,,,"68,470.00","68,470.00","68,470.00","68,470.00",,
,,05.0111,广州乾德建材科技有限公司,,,"15,000.00","15,000.00","15,000.00","15,000.00",,
,,05.0112,光沦科技（深圳）有限公司,,,"96,000.00",,"96,000.00",,"96,000.00",
,,05.0113,希立仪器设备（广东）有限公司,,,"10,650.00",,"10,650.00",,"10,650.00",
,,05.107,广州市绿元复合材料技术有限公司,"864,000.00",,"117,000.00","5,580.00","981,000.00","5,580.00","975,420.00",
2202.05,　　其他服务供应商,,,,"106,830,158.99","9,076,614.85","1,828,393.95","38,329,447.18","82,116,808.55",,"99,581,938.09"
,,07.0010,广州金发碳纤维新材料发展有限公司,,"107,309,805.15","7,234,902.01",,"23,862,630.68","68,057,837.10",,"100,074,903.14"
,,07.0011,清远市清城区石角镇思捷广告经营店,,,"2,200.00","2,200.00","4,613.00","4,613.00",,
,,07.0015,广州三环专利商标代理有限公司,"39,010.00",,"1,950.00",,"55,680.00","29,840.00","40,960.00",
,,07.0016,广州顺丰速运有限公司,,,,,419.00,419.00,,
,,07.0019,清远市华鑫人力资源有限公司,,1.00,"917,684.20","917,684.20","7,782,924.70","7,782,925.70",,1.00
,,07.0021,清远市锦虹人力资源有限公司,,,"6,949.50","6,949.50","79,696.00","79,696.00",,
,,07.0024,上海携程宏睿国际旅行社有限公司,,,,,"25,881.00","25,881.00",,
,,07.0051,广州粤高专利商标代理有限公司,,,,,"9,950.00","9,950.00",,
,,07.0079,广州达能饮用水有限公司,,,,,"21,393.40","21,393.40",,
,,07.0083,北京京东工业品贸易有限公司,,,,"70,487.95","80,744.28","151,232.23",,"70,487.95"
,,07.0086,广州市烨诚科技有限公司,,,,,852.60,852.60,,
,,07.0092,广东省特种设备检测研究院清远检测院,,,,,"2,888.00","2,888.00",,
,,07.0098,清远市誉诚装卸搬运有限公司,,,"9,900.00","9,900.00","102,550.00","102,550.00",,
,,07.0105,通标标准技术服务有限公司广州分公司,,,,,"97,122.95","97,122.95",,
,,07.0106,广州致信伟盛知识产权代理有限公司,,,,,"10,150.00","10,150.00",,
,,07.0108,深圳智趣知识产权代理事务所（普通合伙）,,,,,"3,150.00","3,150.00",,
,,07.0120,富士胶片实业发展（上海）有限公司,"3,583.16",,,"3,583.16","3,583.16","3,583.16",,
,,07.0133,浙江天台祥和实业股份有限公司,,,,,"5,025.00","5,025.00",,
,,07.0134,肇庆市众智人力资源有限公司,,,"194,029.80","194,029.80","1,280,419.80","1,280,419.80",,
,,07.0138,广州泰惟装饰工程有限公司,,,"55,800.00","55,800.00","91,793.35","91,793.35",,
,,07.0141,清远高新区医院,"19,554.00",,,,"37,512.00","17,958.00","19,554.00",
,,07.0143,清远市清城区新城纬创办公设备经营部,,,"4,352.48","4,352.48","4,743.08","4,743.08",,
,,07.0147,广电计量检测（深圳）有限公司,,,,,"9,635.00","9,635.00",,
,,07.0151,广州晶东贸易有限公司,,,"1,948.66","1,948.66","77,897.27","77,897.27",,
,,07.0154,广州惠杰人力资源有限公司,,,"290,645.10","290,645.10","3,327,857.10","3,327,857.10",,
,,07.0156,清远市清道夫环保服务有限公司,,,,,"4,000.00","4,000.00",,
,,07.0157,广州市集航货运代理有限公司,,,,,"30,800.00","30,800.00",,
,,07.0159,清远市节能协会,"20,000.00",,,,,,"20,000.00",
,,07.0160,粤洋（广州）企业服务有限公司深圳分公司,,,"7,224.00","7,224.00","46,917.00","46,917.00",,
,,07.0161,金蝶云科技有限公司,,,,,"95,800.00","95,800.00",,
,,07.0176,金蝶软件（中国）有限公司,"3,200.00",,,,"3,200.00",,"3,200.00",
,,07.0179,东莞市广建宽装备有限公司,"50,000.00",,,,,,"50,000.00",
,,07.0186,广州信通税务师事务所有限公司,,,"20,000.00","20,000.00","20,000.00","20,000.00",,
,,07.0187,清远市安迅电梯工程有限公司,,,"2,700.00","2,700.00","5,400.00","5,400.00",,
,,07.0189,广州华茂机械模具有限公司,,,,"5,820.00","20,460.00","26,280.00",,"5,820.00"
,,07.0191,清远市国迪检测技术有限公司,,,,,"30,500.00","30,500.00",,
,,07.0194,上海泰能知识产权代理事务所（普通合伙）,,,,,"17,500.00","17,500.00",,
,,07.0203,广州市环境保护技术有限公司,,,,,"4,770.80","4,770.80",,
,,07.0204,广州市华测检测认证技术有限公司,,,"86,520.00","86,520.00","146,520.00","146,520.00",,
,,07.0205,广州中实机电设备有限公司,"296,700.00",,"134,759.10","98,999.10","431,459.10","98,999.10","332,460.00",
,,07.0212,清远市博凯消毒杀虫有限公司,,,,,"32,400.00","32,400.00",,
,,07.0215,深圳市玖恒鑫科技有限公司,,,,,"1,500.00","1,500.00",,
,,07.0216,清远市清城区兴大机电设备有限公司,,,,,"4,500.00","4,500.00",,
,,07.0217,清远市远格空调设备有限公司,,,,,"9,240.00","9,240.00",,
,,07.0226,广东冠腾咨询有限公司,,,,,"26,000.00","26,000.00",,
,,07.0227,广东省科学院微生物研究所（广东省微生物分析检测中心）,,,,,"2,400.00","2,400.00",,
,,07.0228,广东中能检测技术有限公司,,,,,"3,600.00","3,600.00",,
,,07.0229,清远市中懿环保技术服务有限公司,,,,,"22,500.00","22,500.00",,
,,07.0230,上海突泊企业管理咨询有限公司,,,,,"38,401.00","38,401.00",,
,,07.0231,东莞市纵横世纪企业管理咨询有限公司,"27,600.00",,,,"27,600.00",,"27,600.00",
,,07.0232,润英聚合机械制造（沈阳）有限公司,,,,,"25,000.00","25,000.00",,
,,07.0233,清远市金达工程有限公司,,,"2,020.00","2,020.00","2,320.00","2,320.00",,
,,07.0234,广东粤北建设有限公司,,,,,"97,517.91","97,517.91",,
,,07.0235,广州税航信息科技有限公司,,,,,"7,000.00","7,000.00",,
,,07.0237,广东艾麦工业科技有限公司,,,,,"4,050.00","4,050.00",,
,,07.0238,广东商文科技有限公司,,,"62,000.00","6,500.00","127,950.00","72,450.00","55,500.00",
,,07.0239,踔厉（清远市）低碳节能科技有限公司,"20,000.00",,,,"20,000.00",,"20,000.00",
,,07.0240,广州市天河区凤凰华雄机电维修经营部,,,"5,280.00","5,280.00","5,280.00","5,280.00",,
,,07.0241,广州市广起起重设备有限公司,,,"5,850.00","5,850.00","5,850.00","5,850.00",,
,,07.0242,清远市清城区石角镇东辉二手机店维修店,,,300.00,300.00,300.00,300.00,,
,,07.0243,广州正装科技有限公司,,,"20,000.00","20,000.00","20,000.00","20,000.00",,
,,07.0244,金耀企业管理（清远）有限公司,,,"9,600.00","9,600.00","9,600.00","9,600.00",,
2202.06,　　外协供应商,,,"63,860.00",,"17,800.00","72,200.00","755,669.17","602,746.07","9,460.00",
,,04.0002,广州市熙川复合材料制品有限公司,,,,,"67,742.60",,,
,,04.0006,嘉兴翔翌复合材料有限公司,,,,,"78,860.51","78,860.51",,
,,04.0010,科源（广州）精密科技有限公司,"55,200.00",,,,"281,296.16","268,923.66","55,200.00",
,,04.0017,广州利佰特汽车部件有限公司,,,,,"134,621.90","8,621.90",,
,,04.0018,广州耐捷标识技术有限公司,,"17,800.00","17,800.00","40,700.00","107,940.00","136,840.00",,"40,700.00"
,,04.0021,广州市大河物流器材有限公司,"21,960.00",,,,,,"21,960.00",
,,04.0023,深圳市润大世纪碳纤维材料科技有限公司,,,,"31,500.00",,"31,500.00",,"31,500.00"
,,04.0024,中山市碳艺复合材料科技有限公司,,,,,"2,800.00",,,
,,04.0029,广州市华鑫复合材料科技有限公司,,,,,"82,408.00","78,000.00",,
,,04.0030,东莞弘美印刷器材有限公司,"4,500.00",,,,,,"4,500.00",
2202.07,　　低值易耗品供应商,,,,"640,529.74","1,258,228.07","1,974,999.68","8,978,498.00","8,849,474.75",,"1,357,301.35"
,,02.0003,东莞市英迈五金科技有限公司,,"43,610.00","43,610.00","42,250.00","140,840.00","183,090.00",,"42,250.00"
,,02.0005,佛山市南海区里水鑫程佳胶辊厂,,,,,"42,900.00","42,900.00",,
,,02.0007,佛山市顺德区陇盛机械有限公司,,,,"8,065.00",,"8,065.00",,"8,065.00"
,,02.0008,佛山市顺德区一诺纵横机械制造有限公司,"22,600.00",,,,,,"22,600.00",
,,02.0010,广东瑞洲科技有限公司,,,,,"9,035.00","9,035.00",,
,,02.0011,广州汇通启航电热设备有限公司,,,,,"5,000.00","5,000.00",,
,,02.0014,广州市潮龙天工业科技有限公司,,"162,700.00","84,086.00","114,865.20","263,129.10","436,368.30",,"193,479.20"
,,02.0021,广州市先知精密机械制造有限公司,"48,000.00",,,,,,"48,000.00",
,,02.0023,广东友仪技术股份有限公司,,"15,230.00","15,200.00",,"15,200.00","15,200.00",,30.00
,,02.0024,杭州爱科科技股份有限公司,"93,560.00",,"11,440.00","14,950.00","189,955.00","99,905.00","90,050.00",
,,02.0027,江苏瑞畅复合材料有限公司,,"304,940.00","304,931.00","453,014.20","2,894,430.40","2,781,698.60",,"453,023.20"
,,02.0038,上海沛龙特种胶粘材料有限公司,,,,,"86,400.00","69,120.00",,
,,02.0040,深圳市忠鑫激光刀模有限公司,,,,"1,400.00",,"1,400.00",,"1,400.00"
,,02.0044,广州扬洋贸易有限公司,,,,"7,122.25","137,377.93","144,500.18",,"7,122.25"
,,02.0045,深圳市义正切割设备耗材有限公司,,"8,256.00","8,256.00",,"57,792.00","33,024.00",,
,,02.0050,东莞市耀欣山柯高切削刀具有限公司,,,,"9,000.00","105,150.00","96,900.00",,"9,000.00"
,,02.0052,佛山市盛图科技有限公司,,"209,600.00","118,000.00",,"357,400.00","178,530.97",,"91,600.00"
,,02.0054,东莞市锐通机械刀具有限公司,,,,,"183,810.00","183,810.00",,
,,02.0057,广州富强机械设备有限公司,,,,,"4,620.00","4,620.00",,
,,02.0058,东莞市莱森精密机电有限公司,,,,,"48,740.00","48,740.00",,
,,02.0060,深圳市美仑化学有限公司,,,,,"1,110.80","1,110.80",,
,,02.0061,上海铨宏热能设备工程有限公司,"76,500.00",,"30,000.00",,"30,000.00",,"106,500.00",
,,02.0065,威海市通联精密机械有限公司,"35,000.00",,,,,,"35,000.00",
,,02.0068,四维机械科技（广州）有限公司,,,"28,500.00","459,219.00","719,572.00","1,150,291.00",,"430,719.00"
,,02.0069,广州金慈电气有限公司,,"56,837.00","56,837.00",,"56,837.00","56,837.00",,
,,02.0071,林德（中国）叉车有限公司广州分公司,,,,,"15,000.00","15,000.00",,
,,02.0074,深圳市亚凯斯科技有限公司,"42,280.00",,,,,,"42,280.00",
,,02.0075,上海高畴机电设备有限公司,,,,"6,800.00","10,500.00","17,300.00",,"6,800.00"
,,02.0078,台州辰工机械厂,,,,"6,500.00",,"6,500.00",,"6,500.00"
,,02.0089,安徽腾旋机械制造有限公司,960.00,,"7,200.00",,"7,200.00",,"8,160.00",
,,02.0095,东莞市中堂升源刀模加工厂,,,,,"39,400.00","39,400.00",,
,,02.0098,威海百合模具有限公司,,,,"43,075.00","1,160.00","43,075.00",,"43,075.00"
,,02.0099,东莞康幸电子设备有限公司,,,,"6,935.00","55,170.00","62,105.00",,"6,935.00"
,,02.0100,东莞市瑞诚研磨材料有限公司,,"2,860.00","2,860.00","1,625.00","9,880.00","5,785.00",,"1,625.00"
,,02.0105,广州润麟材料技术有限公司,,"2,340.00","2,340.00",780.00,"2,340.00","3,120.00",,780.00
,,02.0106,清远万行五金有限公司,,,,,"124,206.60","124,206.60",,
,,02.0113,清远市汇友五金建材有限公司,,"320,733.40","169,278.00","232,200.60","1,211,782.55","1,094,900.30",,"383,656.00"
,,02.0114,广州市腾孚化工有限公司,,,,,"226,600.00","226,600.00",,
,,02.0120,广州潘记工业气体有限公司,,,,,300.00,300.00,,
,,02.0121,上海益发物联科技有限公司,,"9,769.00","9,769.00","3,000.00","181,037.00","184,037.00",,"3,000.00"
,,02.0124,威海市环翠区铭材机械制造厂,,"14,223.00","14,223.00","19,665.00","212,593.00","174,233.00",,"19,665.00"
,,02.0126,斯伊利商贸（上海）有限公司,"56,042.00",,,,,,"56,042.00",
,,02.0127,克鲁勃润滑剂（上海）有限公司,"60,173.63",,,"60,173.63","60,173.63","60,173.63",,
,,02.0132,江苏斯凯氟复合材料有限公司,,"33,126.00","33,126.00","71,345.00","148,701.00","169,046.00",,"71,345.00"
,,02.0140,泰旋机械科技（上海）有限公司,"11,300.00",,,,"2,100.00",,"11,300.00",
,,02.0141,广州市德伯技高工业技术股份有限公司,,,,,"3,048.00","3,048.00",,
,,02.0142,清远市正德机械设备自动化科技有限公司,,"9,120.00","11,850.00",800.00,"19,950.00","18,020.00","1,930.00",
,,02.0143,广东正德材料表面科技有限公司,,,,,"129,600.00","129,600.00",,
,,02.0144,广州市启业制辊有限公司,"13,850.00",,,"13,850.00","27,700.00","27,700.00",,
,,02.0145,无锡科联自控技术有限公司,"17,500.00",,,,"3,000.00","3,000.00","17,500.00",
,,02.0146,佛山市科旭达机电设备有限公司,,"44,247.76","44,247.76","29,612.00","173,967.36","199,280.76",,"29,612.00"
,,02.0149,江苏卓彦新材料科技有限公司,,,,,"3,096.00",,,
,,02.0151,kingfa SCi&TECH （Europe） GmbH,,"108,437.17","2,715.31",,"3,858.75","12,457.69",,"105,721.86"
,,02.0152,深圳市哈德胜精密科技股份有限公司,"6,000.00",,,,,,"6,000.00",
,,02.0153,佛山市沛钰科技有限公司,,,,"1,900.00","3,850.00","3,800.00",,"1,900.00"
,,02.0155,东莞莞晨精密模具有限公司,,,,,"1,800.00",,,
,,02.0156,东莞湃清低温设备有限公司,,,,,"3,300.00","3,300.00",,
,,02.0157,信宜华辉数控机床有限公司,"195,000.00",,"195,000.00",,"390,000.00",,"390,000.00",
,,02.0158,厦门特印实业有限公司,"5,430.00",,,,,,"5,430.00",
,,02.0159,清远市弘创机械设备有限公司,"10,000.00",,,,,,"10,000.00",
,,02.0160,东莞市建拓刀具技术有限公司,,"10,180.00","10,180.00",,"10,180.00","10,180.00",,
,,02.0162,江阴市朗力润滑技术有限公司,,"9,000.00","9,000.00",,"45,000.00","45,000.00",,
,,02.0163,安徽省金屹等离子体电源科技有限公司,"125,000.00",,,"267,600.00","125,000.00","267,600.00",,"142,600.00"
,,02.0164,荣海新材料（东莞）有限公司,,"13,880.00","13,880.00","1,800.00","14,760.00","16,560.00",,"1,800.00"
,,02.0167,深圳市得利高丝印器材有限公司,,"4,590.00","4,590.00","3,060.00","6,120.00","9,180.00",,"3,060.00"
,,02.0171,东莞市胜牌电线电缆有限公司,,,,,"2,624.00","2,624.00",,
,,02.0172,江苏金紫轩金属科技有限公司,,"8,320.00","8,320.00",,"8,320.00","8,320.00",,
,,02.0173,清远市冠阳燃气有限公司,,"2,800.00","2,800.00",,"2,800.00","2,800.00",,
,,02.0174,固尔美机械科技（苏州）有限公司,,"5,250.00","5,250.00",,"7,500.00","7,500.00",,
,,02.0175,东莞市柯澜润滑油科技有限公司,,,,"1,000.00",,"1,000.00",,"1,000.00"
,,02.0176,青岛力川机电设备有限公司,,,,"21,535.00",,"21,535.00",,"21,535.00"
,,02.0177,广州市翎滤净化设备有限公司,,,,"32,400.00",,"32,400.00",,"32,400.00"
,,03.0002,广州美承塑料有限公司,,"29,953.00","8,139.00",,"53,567.00","48,493.00",,"21,814.00"
,,03.0003,广州市黄埔区九佛成业印刷厂,,,,"15,695.00","42,470.00","58,165.00",,"15,695.00"
,,03.0009,深圳市鼎盛鑫胶管有限公司,,,,,"128,550.00","27,700.00",,
,,03.0012,广州市林稀包装材料有限公司,,"2,600.00","2,600.00",,"5,900.00","2,600.00",,
,,03.0014,佛山市南海伟星纸品有限公司,,,,,"22,924.00","13,452.00",,
,,06.0001,广州市远固劳保用品有限公司,,"27,123.04",,"13,262.80","72,407.88","77,969.92",,"40,385.84"
,,06.0002,广州曦辉服饰有限公司,,,,"10,500.00","9,762.00","20,262.00",,"10,500.00"
2211,应付职工薪酬,,,,"3,410,489.64","3,773,037.90","4,083,885.63","27,595,082.13","28,191,055.84",,"3,721,337.37"
2211.01,　　工资,,,,"3,410,489.64","3,199,529.66","3,510,377.39","23,619,132.29","24,253,492.00",,"3,721,337.37"
2211.02,　　职工福利,,,,,"263,119.53","263,119.53","2,042,809.91","2,004,423.91",,
2211.05,　　社会保险费,,,,,"272,251.71","272,251.71","1,729,351.93","1,729,351.93",,
2211.05.01,　　　　医疗保险费,,,,,"71,720.19","71,720.19","458,448.95","458,448.95",,
2211.05.02,　　　　工伤保险费,,,,,"6,472.80","6,472.80","38,845.04","38,845.04",,
2211.05.04,　　　　养老保险费,,,,,"187,585.92","187,585.92","1,193,212.90","1,193,212.90",,
2211.05.05,　　　　失业保险费,,,,,"6,472.80","6,472.80","38,845.04","38,845.04",,
2211.07,　　职工教育经费,,,,,688.00,688.00,"1,776.00","1,776.00",,
2211.08,　　住房公积金,,,,,"37,449.00","37,449.00","202,012.00","202,012.00",,
2221,应交税费,,,"9,513,557.13",,"862,342.58","-165,142.35","21,116,897.17","22,239,829.60","10,541,042.06",
2221.01,　　应交增值税,,,,"208,060.96","570,499.38","196,015.19","17,915,408.75","17,275,624.54","166,423.23",
2221.01.01,　　　　进项税额,,,"81,270,718.74",,"901,422.76",,"14,316,557.40","2,888.73","82,172,141.50",
2221.01.01.01,　　　　　　增值税发票,,,"80,821,303.24",,"901,097.27",,"14,312,546.54",,"81,722,400.51",
2221.01.01.02,　　　　　　海关代征,,,"627,334.32",,,,,,"627,334.32",
2221.01.01.04,　　　　　　国内旅客运输服务,,,"21,738.20",,325.49,,"4,010.86",,"22,063.69",
2221.01.01.04.01,　　　　　　　　国内旅客运输服务（3%税率）,,,"6,496.10",,304.27,,"1,796.70",,"6,800.37",
2221.01.01.04.02,　　　　　　　　国内旅客运输服务（9%税率）,,,"15,242.10",,21.22,,"2,214.16",,"15,263.32",
2221.01.01.06,　　　　　　进项税额转出,,,,"199,657.02",,,,"2,888.73",,"199,657.02"
2221.01.02,　　　　销项税额,,,,"87,911,362.93",,"196,015.19",,"17,272,735.81",,"88,107,378.12"
2221.01.02.01,　　　　　　增值税发票,,,,"87,878,633.13",,"196,015.19",,"17,272,664.16",,"88,074,648.32"
2221.01.02.02,　　　　　　不开票销项税,,,,"32,729.80",,,,71.65,,"32,729.80"
2221.01.07,　　　　转出未交增值税,,,"6,431,574.34",,"-330,947.79",,"3,598,618.96",,"6,100,626.55",
2221.01.08,　　　　通行费电子发票,,,"1,008.89",,24.41,,232.39,,"1,033.30",
2221.05,　　应交所得税,,,"10,384,122.81",,,,,"2,225,724.19","10,384,122.81",
2221.07,　　应交城市维护建设税,,,,"40,900.10","17,733.76","-23,166.34","280,792.89","251,903.33",,
2221.11,　　应交教育费附加,,,,"17,528.62","7,600.18","-9,928.44","120,339.81","107,958.57",,
2221.12,　　应交地方教育附加,,,,"11,685.74","5,066.79","-6,618.95","80,226.54","71,972.38",,
2221.13,　　代扣个人所得税,,,,"8,103.07","8,103.07","9,503.98","74,141.41","73,366.79",,"9,503.98"
2221.14,　　未交增值税,,,,"584,287.19","253,339.40","-330,947.79","2,645,987.77","2,233,279.80",,
2241,其他应付款,,,,"38,086,770.83","3,578,112.39","4,227,659.61","28,371,029.11","25,765,521.52",,"38,736,318.05"
2241.02,　　供应商往来,,,,"100,000.00",,,,,,"100,000.00"
,,07.0178,广州市翔越物流有限公司,,"100,000.00",,,,,,"100,000.00"
2241.04,　　统支款,,,,"32,912,225.01","32,099.08","555,686.18","12,040,739.41","4,465,203.97",,"33,435,812.11"
,,001,广州金发碳纤维新材料发展有限公司,,"32,912,225.01","32,099.08","555,686.18","12,040,739.41","4,465,203.97",,"33,435,812.11"
2241.05,　　关联方往来,,,,"4,894,983.25","3,077,700.19","3,125,202.26","15,002,906.94","19,623,750.44",,"4,942,485.32"
,,01.0012,金发科技股份有限公司,,,"2,583.33",,"2,583.33",,"2,583.33",
,,01.0033,广东金发科技有限公司,,"4,894,983.25","3,075,116.86","3,125,202.26","15,000,323.61","19,623,750.44",,"4,945,068.65"
2241.06,　　社保-个人,,,"133,730.33",,"109,809.48","111,996.48","731,231.12","705,244.78","131,543.33",
2241.07,　　公积金-个人,,,"43,153.00",,"37,449.00","32,193.00","202,012.00","186,426.00","48,409.00",
2241.10,　　其他,,,,"356,445.90","321,054.64","402,581.69","394,139.64","784,896.33",,"437,972.95"
2901,递延所得税负债,,,,"14,910,741.78",,,,"-877,041.25",,"14,910,741.78"
4001,实收资本,,,,"50,000,000.00",,,,,,"50,000,000.00"
,,001,广州金发碳纤维新材料发展有限公司,,"50,000,000.00",,,,,,"50,000,000.00"
4101,盈余公积,,,,"3,041,778.55",,,,,,"3,041,778.55"
4101.01,　　法定盈余公积,,,,"3,041,778.55",,,,,,"3,041,778.55"
4103,本年利润,,,,"34,314,814.07","1,873,710.91","1,566,162.81","129,299,362.62","132,888,843.09",,"34,007,265.97"
4104,利润分配,,,"3,041,778.55",,,,,,"3,041,778.55",
4104.01,　　提取法定盈余公积,,,"3,041,778.55",,,,,,"3,041,778.55",
5001,生产成本,,,,,"7,796,167.62","7,796,167.62","51,863,070.68","51,863,070.68",,
5001.02,　　直接人工,,,,,"2,935,964.22","2,935,964.22","21,427,201.40","21,427,201.40",,
,,05.01,生产运营部,,,"2,196,766.20","2,196,766.20","13,310,486.21","13,310,486.21",,
,,05.05,计划仓储科,,,,,"9,922.00","9,922.00",,
,,09.04,热固-生产组,,,"739,198.02","739,198.02","8,106,793.19","8,106,793.19",,
5001.03,　　制造费用,,,,,"4,860,203.40","4,860,203.40","30,435,869.28","30,435,869.28",,
,,05.01,生产运营部,,,"1,586,380.90","1,586,380.90","10,839,588.66","10,839,588.66",,
,,05.02,生产一科,,,,,"75,190.88","75,190.88",,
,,05.03,生产二科,,,544.29,544.29,"105,545.39","105,545.39",,
,,05.04,生产运营部-综合组,,,167.37,167.37,766.01,766.01,,
,,05.05,计划仓储科,,,"309,477.94","309,477.94","1,677,859.20","1,677,859.20",,
,,05.07,设备维保科,,,"398,746.87","398,746.87","2,595,487.04","2,595,487.04",,
,,05.09,613-复合,,,"666,363.46","666,363.46","3,994,214.91","3,994,214.91",,
,,05.10,613-裁切,,,"49,189.39","49,189.39","281,994.53","281,994.53",,
,,05.11,613-分切,,,"1,383.46","1,383.46","4,686.65","4,686.65",,
,,05.12,614-预浸,,,"425,590.22","425,590.22","2,359,316.70","2,359,316.70",,
,,05.13,614-蜂窝芯,,,"73,136.82","73,136.82","283,175.06","283,175.06",,
,,05.15,617-复合,,,"579,790.59","579,790.59","2,947,790.70","2,947,790.70",,
,,05.16,617-裁切,,,"49,782.87","49,782.87","226,631.23","226,631.23",,
,,05.17,617-预浸,,,"76,012.94","76,012.94","721,761.16","721,761.16",,
,,05.18,617-分切,,,"14,624.26","14,624.26","125,443.64","125,443.64",,
,,05.22,生产运营部-公共,,,"205,547.33","205,547.33","1,241,153.34","1,241,153.34",,
,,05.23,618-喷涂,,,"60,643.16","60,643.16","155,520.84","155,520.84",,
,,05.24,613-拼接,,,,,,,,
,,05.25,618-模压,,,"6,252.71","6,252.71","10,030.62","10,030.62",,
,,09.01,热固运营组,,,,,716.81,716.81,,
,,09.04,热固-生产组,,,"356,568.82","356,568.82","2,772,064.67","2,772,064.67",,
,,99.01,公共,,,,,"16,931.24","16,931.24",,
5101,制造费用,,,,,"4,860,203.40","4,860,203.40","30,435,869.28","30,435,869.28",,
5101.01,　　业务招待费,,,,,"1,948.00","1,948.00","16,349.84","16,349.84",,
,,05.01/SK001354,生产运营部/任杰,,,"1,948.00","1,948.00","16,161.84","16,161.84",,
,,05.02/037,生产一科/吴永磊,,,,,188.00,188.00,,
5101.02,　　差旅费,,,,,"5,932.31","5,932.31","13,832.52","13,832.52",,
,,05.01/003,生产运营部/赵宇,,,,,477.67,477.67,,
,,05.01/SK001354,生产运营部/任杰,,,941.92,941.92,"4,542.74","4,542.74",,
,,05.02/037,生产一科/吴永磊,,,,,432.04,432.04,,
,,05.03/070,生产二科/潘伟豪,,,544.29,544.29,"1,693.97","1,693.97",,
,,05.05/030,计划仓储科/刘建平,,,,,400.00,400.00,,
,,05.05/K034366,计划仓储科/孟宇,,,328.30,328.30,328.30,328.30,,
,,05.07/063,设备维保科/欧志坚,,,,,800.00,800.00,,
,,05.07/K032892,设备维保科/杨炽彬,,,"2,890.54","2,890.54","2,890.54","2,890.54",,
,,09.04/045,热固-生产组/赵磊,,,"1,227.26","1,227.26","2,267.26","2,267.26",,
5101.03,　　维修费,,,,,"65,739.72","65,739.72","266,516.13","266,516.13",,
,,05.01,生产运营部,,,"10,087.70","10,087.70","35,667.30","35,667.30",,
,,05.07,设备维保科,,,"6,345.72","6,345.72","8,685.72","8,685.72",,
,,05.09,613-复合,,,"5,176.99","5,176.99","100,663.72","100,663.72",,
,,05.12,614-预浸,,,"12,256.64","12,256.64","40,039.10","40,039.10",,
,,05.13,614-蜂窝芯,,,"17,699.12","17,699.12","17,699.12","17,699.12",,
,,05.15,617-复合,,,,,"6,477.88","6,477.88",,
,,05.22,生产运营部-公共,,,,,"37,463.72","37,463.72",,
,,09.04,热固-生产组,,,"14,173.55","14,173.55","19,819.57","19,819.57",,
5101.04,　　折旧费,,,,,"802,831.31","802,831.31","6,024,508.72","6,024,508.72",,
,,05.01,生产运营部,,,140.80,140.80,"804,505.61","804,505.61",,
,,05.04,生产运营部-综合组,,,120.68,120.68,120.68,120.68,,
,,05.05,计划仓储科,,,"4,071.40","4,071.40","28,499.80","28,499.80",,
,,05.07,设备维保科,,,364.31,364.31,"1,417.65","1,417.65",,
,,05.09,613-复合,,,"222,927.56","222,927.56","1,335,350.91","1,335,350.91",,
,,05.10,613-裁切,,,"10,712.45","10,712.45","66,271.38","66,271.38",,
,,05.11,613-分切,,,686.58,686.58,"2,059.74","2,059.74",,
,,05.12,614-预浸,,,"111,719.98","111,719.98","737,144.82","737,144.82",,
,,05.13,614-蜂窝芯,,,"15,002.24","15,002.24","68,014.94","68,014.94",,
,,05.15,617-复合,,,"254,445.41","254,445.41","1,533,086.73","1,533,086.73",,
,,05.16,617-裁切,,,"3,171.17","3,171.17","19,027.02","19,027.02",,
,,05.17,617-预浸,,,"76,012.94","76,012.94","721,761.16","721,761.16",,
,,05.18,617-分切,,,"8,792.78","8,792.78","52,756.68","52,756.68",,
,,05.22,生产运营部-公共,,,"45,276.20","45,276.20","272,700.85","272,700.85",,
,,05.23,618-喷涂,,,"6,725.66","6,725.66","6,725.66","6,725.66",,
,,09.04,热固-生产组,,,"42,661.15","42,661.15","375,065.09","375,065.09",,
5101.05,　　工资,,,,,"695,773.71","695,773.71","3,479,419.74","3,479,419.74",,
,,05.01,生产运营部,,,"225,481.24","225,481.24","1,029,942.82","1,029,942.82",,
,,05.05,计划仓储科,,,"215,992.89","215,992.89","1,177,473.36","1,177,473.36",,
,,05.07,设备维保科,,,"247,551.58","247,551.58","1,289,906.31","1,289,906.31",,
,,09.04,热固-生产组,,,"6,748.00","6,748.00","-17,786.85","-17,786.85",,
,,99.01,公共,,,,,-115.90,-115.90,,
5101.06,　　机物料消耗,,,,,"2,808.00","2,808.00","28,588.25","28,588.25",,
,,05.05,计划仓储科,,,"2,808.00","2,808.00","25,088.25","25,088.25",,
,,05.23,618-喷涂,,,,,"3,500.00","3,500.00",,
5101.07,　　水电费,,,,,"1,052,976.04","1,052,976.04","7,465,443.59","7,465,443.59",,
,,05.01,生产运营部,,,"966,270.78","966,270.78","6,614,731.80","6,614,731.80",,
,,09.04,热固-生产组,,,"86,705.26","86,705.26","850,711.79","850,711.79",,
5101.08,　　福利费,,,,,"222,108.72","222,108.72","1,651,364.79","1,651,364.79",,
,,05.01,生产运营部,,,"150,456.72","150,456.72","975,244.27","975,244.27",,
,,05.03,生产二科,,,,,178.60,178.60,,
,,05.05,计划仓储科,,,"5,638.00","5,638.00","41,422.16","41,422.16",,
,,05.07,设备维保科,,,"10,442.00","10,442.00","57,384.27","57,384.27",,
,,09.04,热固-生产组,,,"55,572.00","55,572.00","577,135.49","577,135.49",,
5101.09,　　服务费,,,,,,,495.05,495.05,,
,,05.01,生产运营部,,,,,495.05,495.05,,
5101.10,　　搬运费,,,,,"9,611.65","9,611.65","92,766.98","92,766.98",,
,,05.05,计划仓储科,,,"9,611.65","9,611.65","86,553.39","86,553.39",,
,,05.07,设备维保科,,,,,"6,213.59","6,213.59",,
5101.11,　　办公费,,,,,"4,638.56","4,638.56","58,044.03","58,044.03",,
,,05.01,生产运营部,,,"4,309.39","4,309.39","57,045.26","57,045.26",,
,,05.05,计划仓储科,,,329.17,329.17,329.17,329.17,,
,,09.04,热固-生产组,,,,,669.60,669.60,,
5101.12,　　社保费,,,,,"51,586.85","51,586.85","367,225.38","367,225.38",,
,,05.01,生产运营部,,,"8,529.69","8,529.69","73,943.33","73,943.33",,
,,05.05,计划仓储科,,,"21,248.40","21,248.40","146,462.86","146,462.86",,
,,05.07,设备维保科,,,"20,526.68","20,526.68","137,844.63","137,844.63",,
,,09.04,热固-生产组,,,"1,282.08","1,282.08","8,974.56","8,974.56",,
5101.13,　　公积金,,,,,"12,465.00","12,465.00","83,380.00","83,380.00",,
,,05.01,生产运营部,,,"3,960.00","3,960.00","27,340.00","27,340.00",,
,,05.05,计划仓储科,,,"4,452.00","4,452.00","29,867.00","29,867.00",,
,,05.07,设备维保科,,,"3,573.00","3,573.00","22,813.00","22,813.00",,
,,09.04,热固-生产组,,,480.00,480.00,"3,360.00","3,360.00",,
5101.14,　　备品备件,,,,,"1,165,998.03","1,165,998.03","6,032,021.59","6,032,021.59",,
,,05.01,生产运营部,,,"151,386.37","151,386.37","427,847.35","427,847.35",,
,,05.02,生产一科,,,,,"63,832.23","63,832.23",,
,,05.03,生产二科,,,,,"97,420.52","97,420.52",,
,,05.04,生产运营部-综合组,,,46.69,46.69,209.85,209.85,,
,,05.05,计划仓储科,,,"9,346.97","9,346.97","35,502.73","35,502.73",,
,,05.07,设备维保科,,,"104,159.17","104,159.17","1,053,443.79","1,053,443.79",,
,,05.09,613-复合,,,"323,121.51","323,121.51","1,860,007.87","1,860,007.87",,
,,05.10,613-裁切,,,"29,399.06","29,399.06","179,237.54","179,237.54",,
,,05.11,613-分切,,,38.94,38.94,647.00,647.00,,
,,05.12,614-预浸,,,"102,055.77","102,055.77","535,864.82","535,864.82",,
,,05.13,614-蜂窝芯,,,"23,304.38","23,304.38","93,797.07","93,797.07",,
,,05.15,617-复合,,,"240,834.36","240,834.36","891,351.62","891,351.62",,
,,05.16,617-裁切,,,"40,964.55","40,964.55","167,938.15","167,938.15",,
,,05.18,617-分切,,,,,"37,373.70","37,373.70",,
,,05.22,生产运营部-公共,,,,,690.43,690.43,,
,,05.23,618-喷涂,,,"45,905.90","45,905.90","108,070.85","108,070.85",,
,,05.25,618-模压,,,"2,573.45","2,573.45","2,672.10","2,672.10",,
,,09.01,热固运营组,,,,,716.81,716.81,,
,,09.04,热固-生产组,,,"92,860.91","92,860.91","475,397.16","475,397.16",,
5101.15,　　安环费,,,,,"69,441.15","69,441.15","371,755.84","371,755.84",,
,,05.01,生产运营部,,,"55,298.90","55,298.90","226,103.28","226,103.28",,
,,05.02,生产一科,,,,,"10,738.61","10,738.61",,
,,05.03,生产二科,,,,,"6,252.30","6,252.30",,
,,05.04,生产运营部-综合组,,,,,435.48,435.48,,
,,05.05,计划仓储科,,,179.46,179.46,"2,979.09","2,979.09",,
,,05.07,设备维保科,,,"2,893.87","2,893.87","14,087.54","14,087.54",,
,,05.12,614-预浸,,,,,809.86,809.86,,
,,05.22,生产运营部-公共,,,,,331.61,331.61,,
,,05.23,618-喷涂,,,,,"2,060.12","2,060.12",,
,,09.04,热固-生产组,,,"11,068.92","11,068.92","107,957.95","107,957.95",,
5101.16,　　包装费,,,,,"55,883.55","55,883.55","231,557.18","231,557.18",,
,,05.01,生产运营部,,,"7,569.39","7,569.39","49,703.20","49,703.20",,
,,05.10,613-裁切,,,"5,097.35","5,097.35","12,330.27","12,330.27",,
,,05.12,614-预浸,,,"42,898.23","42,898.23","98,143.26","98,143.26",,
,,05.15,617-复合,,,,,"5,250.27","5,250.27",,
,,05.16,617-裁切,,,,,"5,469.03","5,469.03",,
,,05.23,618-喷涂,,,318.58,318.58,796.45,796.45,,
,,09.04,热固-生产组,,,,,"59,864.70","59,864.70",,
5101.17,　　职工教育经费,,,,,,,288.00,288.00,,
,,05.01,生产运营部,,,,,288.00,288.00,,
5101.18,　　加工费,,,,,,,"7,630.00","7,630.00",,
,,05.01,生产运营部,,,,,"7,630.00","7,630.00",,
5101.20,　　租金,,,,,"436,389.13","436,389.13","2,909,252.19","2,909,252.19",,
,,05.01,生产运营部,,,,,"336,770.64","336,770.64",,
,,05.05,计划仓储科,,,"35,471.70","35,471.70","102,830.18","102,830.18",,
,,05.09,613-复合,,,"107,770.44","107,770.44","653,990.65","653,990.65",,
,,05.10,613-裁切,,,"3,980.53","3,980.53","24,155.34","24,155.34",,
,,05.11,613-分切,,,657.94,657.94,"1,979.91","1,979.91",,
,,05.12,614-预浸,,,"131,246.76","131,246.76","794,837.80","794,837.80",,
,,05.13,614-蜂窝芯,,,"15,653.00","15,653.00","94,795.45","94,795.45",,
,,05.15,617-复合,,,"81,962.40","81,962.40","496,333.68","496,333.68",,
,,05.16,617-裁切,,,"5,647.15","5,647.15","34,197.03","34,197.03",,
,,05.18,617-分切,,,"5,831.48","5,831.48","35,313.26","35,313.26",,
,,05.23,618-喷涂,,,"6,622.68","6,622.68","33,297.42","33,297.42",,
,,05.25,618-模压,,,"3,679.26","3,679.26","7,358.52","7,358.52",,
,,09.04,热固-生产组,,,"37,865.79","37,865.79","293,392.31","293,392.31",,
5101.21,　　长期待摊,,,,,"204,071.67","204,071.67","1,335,429.46","1,335,429.46",,
,,05.01,生产运营部,,,,,"151,148.50","151,148.50",,
,,05.05,计划仓储科,,,,,122.91,122.91,,
,,05.09,613-复合,,,"7,366.96","7,366.96","44,201.76","44,201.76",,
,,05.12,614-预浸,,,"25,412.84","25,412.84","152,477.04","152,477.04",,
,,05.13,614-蜂窝芯,,,"1,478.08","1,478.08","8,868.48","8,868.48",,
,,05.15,617-复合,,,"2,548.42","2,548.42","15,290.52","15,290.52",,
,,05.22,生产运营部-公共,,,"160,271.13","160,271.13","929,966.73","929,966.73",,
,,05.23,618-喷涂,,,"1,070.34","1,070.34","1,070.34","1,070.34",,
,,09.04,热固-生产组,,,"5,923.90","5,923.90","14,851.94","14,851.94",,
,,99.01,公共,,,,,"17,431.24","17,431.24",,
5301,研发支出,,,,,"714,771.90","714,771.90","3,948,966.26","3,948,966.26",,
5301.01,　　人员人工费用,,,,,"476,461.26","476,461.26","2,673,058.43","2,673,058.43",,
5301.01.01,　　　　工资,,,,,"420,579.20","420,579.20","2,298,291.80","2,298,291.80",,
,,03.01/001,技术部/公共,,,,,"219,007.01","219,007.01",,
,,03.01/002,技术部/热塑,,,"3,008.06","3,008.06","706,079.90","706,079.90",,
,,03.01/003,技术部/热固,,,"26,387.75","26,387.75","91,597.53","91,597.53",,
,,03.01/004,技术部/车用,,,"306,887.31","306,887.31","897,741.56","897,741.56",,
,,03.01/005,技术部/非车用,,,"84,296.08","84,296.08","302,131.41","302,131.41",,
,,06.01/001,品质部/公共,,,,,"19,844.00","19,844.00",,
,,06.01/004,品质部/车用,,,,,"20,668.00","20,668.00",,
,,06.01/007,品质部/品质部-公共,,,,,"26,822.00","26,822.00",,
,,99.01/001,公共/公共,,,,,"14,400.39","14,400.39",,
5301.01.02,　　　　社保费,,,,,"47,983.06","47,983.06","319,855.63","319,855.63",,
,,03.01/001,技术部/公共,,,,,"15,107.66","15,107.66",,
,,03.01/002,技术部/热塑,,,"18,775.98","18,775.98","133,906.35","133,906.35",,
,,03.01/003,技术部/热固,,,"2,086.22","2,086.22","14,586.62","14,586.62",,
,,03.01/004,技术部/车用,,,"19,819.09","19,819.09","109,394.01","109,394.01",,
,,03.01/005,技术部/非车用,,,"7,301.77","7,301.77","43,740.12","43,740.12",,
,,09.03/003,热固-技术组/热固,,,,,"3,120.87","3,120.87",,
5301.01.03,　　　　公积金,,,,,"7,899.00","7,899.00","54,911.00","54,911.00",,
,,03.01/001,技术部/公共,,,,,"6,095.00","6,095.00",,
,,03.01/002,技术部/热塑,,,"7,653.00","7,653.00","35,146.00","35,146.00",,
,,03.01/003,技术部/热固,,,246.00,246.00,"1,825.00","1,825.00",,
,,03.01/004,技术部/车用,,,,,"9,465.00","9,465.00",,
,,03.01/005,技术部/非车用,,,,,"2,380.00","2,380.00",,
5301.02,　　直接投入费用,,,,,"147,469.88","147,469.88","602,399.47","602,399.47",,
5301.02.01,　　　　材料费,,,,,,,495.00,495.00,,
5301.02.01.01,　　　　　　小试材料-Y,,,,,,,495.00,495.00,,
,,03.04/004,工艺装备科/车用,,,,,495.00,495.00,,
5301.02.03,　　　　动力费,,,,,"65,617.24","65,617.24","449,646.32","449,646.32",,
,,03.01/001,技术部/公共,,,"59,767.51","59,767.51","342,088.84","342,088.84",,
,,03.01/004,技术部/车用,,,"4,308.67","4,308.67","73,344.45","73,344.45",,
,,03.01/005,技术部/非车用,,,"1,541.06","1,541.06","34,213.03","34,213.03",,
5301.02.04,　　　　检验费,,,,,"81,622.64","81,622.64","151,731.12","151,731.12",,
,,03.01/001,技术部/公共,,,"81,622.64","81,622.64","142,641.50","142,641.50",,
,,06.01/001,品质部/公共,,,,,"9,089.62","9,089.62",,
5301.02.05,　　　　维修费,,,,,230.00,230.00,527.03,527.03,,
,,06.01/001,品质部/公共,,,,,297.03,297.03,,
,,06.01/007,品质部/品质部-公共,,,230.00,230.00,230.00,230.00,,
5301.08,　　折旧费,,,,,"21,802.48","21,802.48","140,580.52","140,580.52",,
,,03.01/001,技术部/公共,,,"3,494.69","3,494.69","29,001.81","29,001.81",,
,,03.03/001,产品开发科/公共,,,68.93,68.93,68.93,68.93,,
,,03.04/001,工艺装备科/公共,,,"2,779.78","2,779.78","15,570.55","15,570.55",,
,,04.01/001,装备部/公共,,,,,210.68,210.68,,
,,04.02/001,装备开发科/公共,,,,,943.38,943.38,,
,,06.01/001,品质部/公共,,,"14,940.50","14,940.50","91,155.11","91,155.11",,
,,09.03/001,热固-技术组/公共,,,518.58,518.58,"3,630.06","3,630.06",,
5301.10,　　福利费,,,,,"23,495.11","23,495.11","136,030.42","136,030.42",,
,,03.01/001,技术部/公共,,,719.00,719.00,"1,376.00","1,376.00",,
,,03.01/002,技术部/热塑,,,,,336.00,336.00,,
,,03.01/004,技术部/车用,,,,,"2,320.00","2,320.00",,
,,03.01/005,技术部/非车用,,,,,"3,480.00","3,480.00",,
,,03.04/001,工艺装备科/公共,,,,,"15,740.90","15,740.90",,
,,03.04/004,工艺装备科/车用,,,200.00,200.00,920.00,920.00,,
,,03.04/005,工艺装备科/非车用,,,,,"3,890.00","3,890.00",,
,,03.04/006,工艺装备科/工艺装备科-公共,,,"11,330.00","11,330.00","22,558.79","22,558.79",,
,,06.01/001,品质部/公共,,,,,"12,420.00","12,420.00",,
,,06.01/002,品质部/热塑,,,,,"2,105.00","2,105.00",,
,,06.01/003,品质部/热固,,,,,"1,602.00","1,602.00",,
,,06.01/004,品质部/车用,,,,,"4,920.00","4,920.00",,
,,06.01/005,品质部/非车用,,,,,"2,460.00","2,460.00",,
,,06.01/007,品质部/品质部-公共,,,"11,246.11","11,246.11","61,901.73","61,901.73",,
5301.11,　　其他费用,,,,,"10,049.69","10,049.69","84,871.98","84,871.98",,
5301.11.01,　　　　差旅费,,,,,,,"6,065.92","6,065.92",,
,,03.01/035/001,技术部/付后兵/公共,,,,,"1,017.09","1,017.09",,
,,03.04/K026071/001,工艺装备科/赵智辉/公共,,,,,"1,217.86","1,217.86",,
,,03.04/K026071/004,工艺装备科/赵智辉/车用,,,,,726.24,726.24,,
,,03.04/K033519/001,工艺装备科/张华健/公共,,,,,"1,334.59","1,334.59",,
,,03.04/K033519/004,工艺装备科/张华健/车用,,,,,495.52,495.52,,
,,06.01/033/001,品质部/张海龙/公共,,,,,357.25,357.25,,
,,06.01/SK001374/007,品质部/路庆雯/品质部-公共,,,,,917.37,917.37,,
5301.11.02,　　　　业务招待费,,,,,"9,892.69","9,892.69","37,388.12","37,388.12",,
,,03.01/024/004,技术部/王业停/车用,,,,,"2,516.00","2,516.00",,
,,03.01/027/005,技术部/刘玲/非车用,,,,,590.00,590.00,,
,,03.01/029/001,技术部/孟姗姗/公共,,,,,"1,999.45","1,999.45",,
,,03.01/029/004,技术部/孟姗姗/车用,,,,,"2,711.34","2,711.34",,
,,03.01/053/004,技术部/叶义文/车用,,,783.00,783.00,"2,004.00","2,004.00",,
,,03.01/068/006,技术部/周林访/工艺装备科-公共,,,,,"1,151.00","1,151.00",,
,,03.01/K034257/005,技术部/郑波/非车用,,,"2,249.00","2,249.00","2,249.00","2,249.00",,
,,03.01/K034260/004,技术部/赵振全/车用,,,380.00,380.00,380.00,380.00,,
,,03.01/K035772/006,技术部/侯昌权/工艺装备科-公共,,,570.00,570.00,570.00,570.00,,
,,03.04/024/001,工艺装备科/王业停/公共,,,,,"3,656.64","3,656.64",,
,,03.04/024/004,工艺装备科/王业停/车用,,,,,"2,166.00","2,166.00",,
,,03.04/106/001,工艺装备科/杨青/公共,,,,,"1,200.00","1,200.00",,
,,03.04/106/006,工艺装备科/杨青/工艺装备科-公共,,,"3,540.00","3,540.00","5,932.00","5,932.00",,
,,03.04/K033463/005,工艺装备科/胡洋铭/非车用,,,,,527.00,527.00,,
,,03.04/K035598/004,工艺装备科/朱文超/车用,,,,,510.00,510.00,,
,,06.01/016/005,品质部/田儒科/非车用,,,,,253.00,253.00,,
,,06.01/018/004,品质部/赖博贤/车用,,,,,548.00,548.00,,
,,06.01/033/004,品质部/张海龙/车用,,,,,"2,981.00","2,981.00",,
,,06.01/033/007,品质部/张海龙/品质部-公共,,,,,"1,024.40","1,024.40",,
,,06.01/K036373/004,品质部/张宝童/车用,,,935.00,935.00,"2,686.80","2,686.80",,
,,06.01/SK001374/007,品质部/路庆雯/品质部-公共,,,"1,435.69","1,435.69","1,732.49","1,732.49",,
5301.11.07,　　　　办公费,,,,,157.00,157.00,"40,683.07","40,683.07",,
,,03.01/001,技术部/公共,,,,,"26,102.57","26,102.57",,
,,03.01/004,技术部/车用,,,,,757.97,757.97,,
,,03.01/005,技术部/非车用,,,,,339.60,339.60,,
,,03.04/001,工艺装备科/公共,,,,,771.78,771.78,,
,,03.04/006,工艺装备科/工艺装备科-公共,,,,,"1,365.00","1,365.00",,
,,06.01/001,品质部/公共,,,,,"9,402.50","9,402.50",,
,,06.01/004,品质部/车用,,,,,60.00,60.00,,
,,06.01/005,品质部/非车用,,,,,60.00,60.00,,
,,06.01/007,品质部/品质部-公共,,,157.00,157.00,"1,823.65","1,823.65",,
5301.11.08,　　　　运杂费,,,,,,,734.87,734.87,,
,,03.01/004,技术部/车用,,,,,44.00,44.00,,
,,03.01/005,技术部/非车用,,,,,9.81,9.81,,
,,03.04/001,工艺装备科/公共,,,,,681.06,681.06,,
5301.12,　　科技项目费,,,,,"35,493.48","35,493.48","312,025.44","312,025.44",,
5301.12.01,　　　　直接费用,,,,,"35,493.48","35,493.48","312,025.44","312,025.44",,
5301.12.01.01,　　　　　　材料费,,,,,"9,553.19","9,553.19","16,856.17","16,856.17",,
,,03.01/004,技术部/车用,,,480.60,480.60,"1,205.12","1,205.12",,
,,03.01/005,技术部/非车用,,,,,171.00,171.00,,
,,03.03/002,产品开发科/热塑,,,,,"1,592.92","1,592.92",,
,,03.04/004,工艺装备科/车用,,,"1,722.85","1,722.85","4,211.04","4,211.04",,
,,03.04/005,工艺装备科/非车用,,,"7,349.74","7,349.74","8,578.74","8,578.74",,
,,03.04/006,工艺装备科/工艺装备科-公共,,,,,"1,097.35","1,097.35",,
5301.12.01.03,　　　　　　测试化验加工费,,,,,,,"116,013.46","116,013.46",,
,,03.01/001,技术部/公共,,,,,"95,463.04","95,463.04",,
,,03.01/004,技术部/车用,,,,,"20,550.42","20,550.42",,
5301.12.01.05,　　　　　　会议/差旅/国际合作交流费,,,,,"25,940.29","25,940.29","110,076.57","110,076.57",,
5301.12.01.05.02,　　　　　　　　差旅费,,,,,"25,940.29","25,940.29","110,076.57","110,076.57",,
,,03.01/001,技术部/公共,,,,,"9,951.76","9,951.76",,
,,03.01/002,技术部/热塑,,,,,478.60,478.60,,
,,03.01/004,技术部/车用,,,"4,169.59","4,169.59","23,392.53","23,392.53",,
,,03.01/005,技术部/非车用,,,603.00,603.00,"11,337.53","11,337.53",,
,,03.01/006,技术部/工艺装备科-公共,,,,,"4,436.32","4,436.32",,
,,03.04/001,工艺装备科/公共,,,,,"5,764.80","5,764.80",,
,,03.04/004,工艺装备科/车用,,,462.88,462.88,"2,092.90","2,092.90",,
,,03.04/005,工艺装备科/非车用,,,,,"8,726.68","8,726.68",,
,,03.04/006,工艺装备科/工艺装备科-公共,,,"14,538.05","14,538.05","19,664.58","19,664.58",,
,,06.01/001,品质部/公共,,,,,"4,159.41","4,159.41",,
,,06.01/004,品质部/车用,,,"2,512.29","2,512.29","14,009.53","14,009.53",,
,,06.01/005,品质部/非车用,,,,,"2,407.45","2,407.45",,
,,06.01/007,品质部/品质部-公共,,,"3,654.48","3,654.48","3,654.48","3,654.48",,
5301.12.01.06,　　　　　　出版/文献/信息传播/知识产权事务费,,,,,,,"69,079.24","69,079.24",,
,,03.02/001,技术研究科/公共,,,,,"69,079.24","69,079.24",,
6001,主营业务收入,,,,,"1,435,398.88","1,435,398.88","131,033,561.21","131,033,561.21",,
6001.01,　　热塑,,,,,"1,425,479.38","1,425,479.38","117,834,879.62","117,834,879.62",,
,,0029,金发环保科技有限公司,,,,,"62,017.70","62,017.70",,
,,0041,上海彧彧实业有限公司,,,,,"3,228,318.58","3,228,318.58",,
,,1.01.0041,佛吉亚（重庆）汽车零部件有限公司,,,"165,500.16","165,500.16","1,426,011.91","1,426,011.91",,
,,1.01.0049,上海华魄贸易有限公司,,,"36,240.00","36,240.00","227,489.55","227,489.55",,
,,1.01.0052,广州林骏汽车内饰件有限公司,,,"185,140.31","185,140.31","2,282,567.81","2,282,567.81",,
,,1.01.0100,南京瑾煜合车辆配件销售有限公司,,,,,"181,945.95","181,945.95",,
,,1.01.0119,浙江泓智新材料有限公司,,,"-221,580.81","-221,580.81","2,603,604.40","2,603,604.40",,
,,1.01.0120,广州长濑贸易有限公司,,,,,"23,188.20","23,188.20",,
,,1.01.0157,拓普电动车热管理系统（宁波）有限公司,,,,,"77,675.60","77,675.60",,
,,1.01.0164,重庆成佳汽车部件有限公司,,,,,"311,176.52","311,176.52",,
,,1.01.0180,青岛瑞诺豪新材料科技有限公司,,,"30,022.12","30,022.12","30,022.12","30,022.12",,
,,1.01.0190,湖北一专汽车股份有限公司,,,,,"265,221.24","265,221.24",,
,,1.01.0191,天津金发新材料有限公司,,,"1,907.29","1,907.29","47,847.99","47,847.99",,
,,1.01.0193,宁波德驰汽车科技有限公司,,,,,"127,154.12","127,154.12",,
,,1.01.0195,河南冰盛制冷设备有限公司,,,"61,088.67","61,088.67","61,088.67","61,088.67",,
,,1.01.0206,广州金发碳纤维新材料发展有限公司,,,,,"82,356,405.33","82,356,405.33",,
,,1.01.0209,深圳市上古光电有限公司,,,,,"26,987.17","26,987.17",,
,,1.01.0221,湖南东亿电气股份有限公司,,,,,"537,860.18","537,860.18",,
,,1.01.0232,宁波赛科效实科技股份有限公司,,,,,"194,561.95","194,561.95",,
,,1.01.0236,广西金巨石新能源科技有限公司,,,"533,820.00","533,820.00","11,017,760.71","11,017,760.71",,
,,1.01.0238,苏州英利汽车部件有限公司,,,"364,617.48","364,617.48","2,156,935.54","2,156,935.54",,
,,1.01.0295,浙江天台祥和实业股份有限公司,,,,,"8,995,284.96","8,995,284.96",,
,,1.01.0332,广东百汇达新材料有限公司,,,,,"-2,232.60","-2,232.60",,
,,1.01.0342,株洲时代新材料科技股份有限公司,,,"102,584.00","102,584.00","923,720.28","923,720.28",,
,,1.01.0344,浙江天台利合轨道交通设备有限责任公司,,,"120,906.77","120,906.77","120,906.77","120,906.77",,
,,1.01.0352,惠州亿纬锂能股份有限公司,,,"4,924.54","4,924.54","4,924.54","4,924.54",,
,,1.01.0354,浙江锦宇汽车制造有限公司,,,"40,308.85","40,308.85","123,379.65","123,379.65",,
,,1.01.0361,江苏金巨石新能源科技有限公司,,,,,"381,126.45","381,126.45",,
,,1.01.0368,江苏中来新材科技有限公司,,,,,"-10,742.99","-10,742.99",,
,,1.01.0369,郑州红宇专用汽车有限责任公司,,,,,"26,029.20","26,029.20",,
,,1.01.0370,哈尔滨工业大学,,,,,"4,440.00","4,440.00",,
,,1.01.0373,深圳市达威士科技有限公司,,,,,"5,700.00","5,700.00",,
,,1.01.0377,江苏亨睿碳纤维科技有限公司,,,,,"4,831.20","4,831.20",,
,,1.01.0474,苏州中来光伏新材股份有限公司,,,,,"10,742.99","10,742.99",,
,,1.020028,福建赛特冷链科技有限公司,,,,,927.93,927.93,,
6001.02,　　热固,,,,,"9,919.50","9,919.50","13,198,681.59","13,198,681.59",,
,,1.01.0206,广州金发碳纤维新材料发展有限公司,,,,,"13,817,823.01","13,817,823.01",,
,,1.01.0229,苏州善瑞电子科技有限公司,,,"9,919.50","9,919.50","13,423.48","13,423.48",,
,,1.01.0390,广东玛丁尼乐器文化股份有限公司,,,,,"64,778.77","64,778.77",,
,,1.01.0466,安徽威思特机械科技有限公司,,,,,"57,726.81","57,726.81",,
,,1.02.0006,上海巍立实业有限公司,,,,,"14,159.29","14,159.29",,
,,1.02.0042,库卡机器人（广东）有限公司,,,,,"146,663.81","146,663.81",,
,,1.02.0049,余姚市银达电器有限公司,,,,,"1,243,970.35","1,243,970.35",,
,,1.02.0058,安庆创跃电器有限公司,,,,,"27,746.67","27,746.67",,
,,1.02.0065,科源（广州）精密科技有限公司,,,,,"-2,187,610.60","-2,187,610.60",,
6051,其他业务收入,,,,,"130,763.93","130,763.93","1,851,087.73","1,851,087.73",,
6051.01,　　处置废料收入,,,,,"72,410.18","72,410.18","1,760,759.70","1,760,759.70",,
,,0014,公共,,,"72,410.18","72,410.18","300,220.36","300,220.36",,
,,0030,佛山市盈娇恒新材料有限公司,,,,,"1,460,539.34","1,460,539.34",,
6051.04,　　租金收入,,,,,"5,309.75","5,309.75","37,168.13","37,168.13",,
,,1.02.0065,科源（广州）精密科技有限公司,,,"5,309.75","5,309.75","37,168.13","37,168.13",,
6051.99,　　其他,,,,,"53,044.00","53,044.00","53,159.90","53,159.90",,
,,1.01.0007,广东金发科技有限公司,,,"53,044.00","53,044.00","53,159.90","53,159.90",,
6117,其他收益,,,,,,,"1,194.15","1,194.15",,
6301,营业外收入,,,,,,,"3,000.00","3,000.00",,
6301.01,　　罚款收入,,,,,,,"3,000.00","3,000.00",,
,,05.08/001,安环科/公共,,,,,"3,000.00","3,000.00",,
6401,主营业务成本,,,,,"860,806.80","860,806.80","121,727,127.40","121,727,127.40",,
6401.01,　　热塑,,,,,"858,427.78","858,427.78","107,341,763.84","107,341,763.84",,
,,0014,公共,,,-0.16,-0.16,"1,778,334.26","1,778,334.26",,
,,0029,金发环保科技有限公司,,,,,"56,401.68","56,401.68",,
,,0041,上海彧彧实业有限公司,,,,,"3,221,238.94","3,221,238.94",,
,,1.01.0041,佛吉亚（重庆）汽车零部件有限公司,,,"150,488.26","150,488.26","1,357,520.18","1,357,520.18",,
,,1.01.0049,上海华魄贸易有限公司,,,"16,236.19","16,236.19","137,119.35","137,119.35",,
,,1.01.0052,广州林骏汽车内饰件有限公司,,,-3.50,-3.50,"2,308,948.57","2,308,948.57",,
,,1.01.0100,南京瑾煜合车辆配件销售有限公司,,,,,"219,181.55","219,181.55",,
,,1.01.0119,浙江泓智新材料有限公司,,,"-155,389.21","-155,389.21","1,756,527.75","1,756,527.75",,
,,1.01.0120,广州长濑贸易有限公司,,,,,"26,174.40","26,174.40",,
,,1.01.0157,拓普电动车热管理系统（宁波）有限公司,,,,,"102,137.19","102,137.19",,
,,1.01.0164,重庆成佳汽车部件有限公司,,,,,"277,388.73","277,388.73",,
,,1.01.0180,青岛瑞诺豪新材料科技有限公司,,,"12,408.64","12,408.64","12,408.64","12,408.64",,
,,1.01.0190,湖北一专汽车股份有限公司,,,,,"174,686.73","174,686.73",,
,,1.01.0191,天津金发新材料有限公司,,,"1,691.16","1,691.16","43,282.21","43,282.21",,
,,1.01.0193,宁波德驰汽车科技有限公司,,,,,"77,669.36","77,669.36",,
,,1.01.0195,河南冰盛制冷设备有限公司,,,"41,303.39","41,303.39","41,303.39","41,303.39",,
,,1.01.0206,广州金发碳纤维新材料发展有限公司,,,,,"76,368,230.12","76,368,230.12",,
,,1.01.0209,深圳市上古光电有限公司,,,,,"13,943.73","13,943.73",,
,,1.01.0221,湖南东亿电气股份有限公司,,,,,"537,860.18","537,860.18",,
,,1.01.0232,宁波赛科效实科技股份有限公司,,,,,"191,940.27","191,940.27",,
,,1.01.0236,广西金巨石新能源科技有限公司,,,"362,438.82","362,438.82","7,335,652.68","7,335,652.68",,
,,1.01.0238,苏州英利汽车部件有限公司,,,"224,472.68","224,472.68","1,340,687.69","1,340,687.69",,
,,1.01.0295,浙江天台祥和实业股份有限公司,,,,,"8,924,059.40","8,924,059.40",,
,,1.01.0332,广东百汇达新材料有限公司,,,,,"-19,638.74","-19,638.74",,
,,1.01.0342,株洲时代新材料科技股份有限公司,,,"62,451.46","62,451.46","537,120.85","537,120.85",,
,,1.01.0344,浙江天台利合轨道交通设备有限责任公司,,,"110,154.09","110,154.09","110,154.09","110,154.09",,
,,1.01.0352,惠州亿纬锂能股份有限公司,,,0.13,0.13,0.13,0.13,,
,,1.01.0354,浙江锦宇汽车制造有限公司,,,"32,175.83","32,175.83","95,711.53","95,711.53",,
,,1.01.0361,江苏金巨石新能源科技有限公司,,,,,"288,766.50","288,766.50",,
,,1.01.0368,江苏中来新材科技有限公司,,,,,"-19,239.34","-19,239.34",,
,,1.01.0369,郑州红宇专用汽车有限责任公司,,,,,"23,910.08","23,910.08",,
,,1.01.0370,哈尔滨工业大学,,,,,1.39,1.39,,
,,1.01.0373,深圳市达威士科技有限公司,,,,,0.30,0.30,,
,,1.01.0377,江苏亨睿碳纤维科技有限公司,,,,,"3,040.47","3,040.47",,
,,1.01.0474,苏州中来光伏新材股份有限公司,,,,,"19,239.34","19,239.34",,
,,1.020028,福建赛特冷链科技有限公司,,,,,0.24,0.24,,
6401.02,　　热固,,,,,"2,379.02","2,379.02","14,385,363.56","14,385,363.56",,
,,1.01.0206,广州金发碳纤维新材料发展有限公司,,,,,"12,066,629.29","12,066,629.29",,
,,1.01.0229,苏州善瑞电子科技有限公司,,,"2,379.02","2,379.02","2,802.10","2,802.10",,
,,1.01.0390,广东玛丁尼乐器文化股份有限公司,,,,,"80,922.02","80,922.02",,
,,1.01.0466,安徽威思特机械科技有限公司,,,,,"45,578.29","45,578.29",,
,,1.02.0006,上海巍立实业有限公司,,,,,0.02,0.02,,
,,1.02.0042,库卡机器人（广东）有限公司,,,,,"48,956.39","48,956.39",,
,,1.02.0049,余姚市银达电器有限公司,,,,,"1,073,550.18","1,073,550.18",,
,,1.02.0058,安庆创跃电器有限公司,,,,,"20,292.29","20,292.29",,
,,1.02.0065,科源（广州）精密科技有限公司,,,,,"1,046,632.98","1,046,632.98",,
6402,其他业务支出,,,,,"56,969.97","56,969.97","80,641.69","80,641.69",,
6402.99,　　其他,,,,,"56,969.97","56,969.97","80,641.69","80,641.69",,
,,1.01.0007,广东金发科技有限公司,,,"53,044.00","53,044.00","53,159.90","53,159.90",,
,,1.02.0065,科源（广州）精密科技有限公司,,,"3,925.97","3,925.97","27,481.79","27,481.79",,
6403,税金及附加,,,,,"-30,798.13","-30,798.13","525,084.75","525,084.75",,
6403.01,　　印花税,,,,,"8,915.60","8,915.60","93,250.47","93,250.47",,
6403.02,　　城市维护建设税,,,,,"-23,166.34","-23,166.34","251,903.33","251,903.33",,
6403.03,　　教育费附加,,,,,"-9,928.44","-9,928.44","107,958.57","107,958.57",,
6403.04,　　地方教育附加,,,,,"-6,618.95","-6,618.95","71,972.38","71,972.38",,
6601,销售费用,,,,,"23,155.51","23,155.51","461,086.02","461,086.02",,
6601.01,　　办公费,,,,,,,264.60,264.60,,
,,02.01,市场部,,,,,264.60,264.60,,
6601.02,　　业务招待费,,,,,"4,787.00","4,787.00","271,932.13","271,932.13",,
,,02.01/02.01.99,市场部/市场部公共,,,,,560.00,560.00,,
,,02.01/026,市场部/刘杰,,,,,"4,848.00","4,848.00",,
,,02.01/031,市场部/孙逸飞,,,,,"19,324.60","19,324.60",,
,,02.01/038,市场部/覃耀松,,,,,"17,034.50","17,034.50",,
,,02.01/052,市场部/吕建广,,,,,"14,164.22","14,164.22",,
,,02.01/065,市场部/周宇鹏,,,,,"12,206.99","12,206.99",,
,,02.01/108,市场部/张建,,,,,"75,195.62","75,195.62",,
,,02.01/109,市场部/夏爽,,,,,"59,914.41","59,914.41",,
,,02.01/110,市场部/徐子航,,,,,"45,861.69","45,861.69",,
,,02.01/K028825,市场部/逯丙尧,,,,,"5,409.00","5,409.00",,
,,02.01/K033893,市场部/段智华,,,,,"6,163.20","6,163.20",,
,,02.01/K034367,市场部/季志鹏,,,,,"2,118.15","2,118.15",,
,,02.01/K035848,市场部/钟友坤,,,"4,787.00","4,787.00","9,131.75","9,131.75",,
6601.03,　　差旅费,,,,,"6,043.29","6,043.29","165,617.95","165,617.95",,
,,02.01/026,市场部/刘杰,,,,,"7,456.31","7,456.31",,
,,02.01/031,市场部/孙逸飞,,,,,"42,787.40","42,787.40",,
,,02.01/038,市场部/覃耀松,,,,,"13,845.14","13,845.14",,
,,02.01/052,市场部/吕建广,,,"3,480.15","3,480.15","18,595.44","18,595.44",,
,,02.01/065,市场部/周宇鹏,,,,,"11,057.37","11,057.37",,
,,02.01/108,市场部/张建,,,,,"7,811.87","7,811.87",,
,,02.01/109,市场部/夏爽,,,,,"9,266.81","9,266.81",,
,,02.01/110,市场部/徐子航,,,,,"22,795.76","22,795.76",,
,,02.01/K028825,市场部/逯丙尧,,,,,"4,282.90","4,282.90",,
,,02.01/K032086,市场部/曾贤恬,,,,,"1,419.49","1,419.49",,
,,02.01/K033893,市场部/段智华,,,,,"4,753.87","4,753.87",,
,,02.01/K034367,市场部/季志鹏,,,,,"5,807.80","5,807.80",,
,,02.01/K035848,市场部/钟友坤,,,"1,819.62","1,819.62","14,994.27","14,994.27",,
,,02.01/K038040,市场部/肖金根,,,743.52,743.52,743.52,743.52,,
6601.05,　　折旧费,,,,,820.01,820.01,"7,410.55","7,410.55",,
,,02.01,市场部,,,820.01,820.01,"7,410.55","7,410.55",,
6601.07,　　运输费,,,,,,,"6,796.12","6,796.12",,
,,02.01,市场部,,,,,"6,796.12","6,796.12",,
6601.09,　　福利费,,,,,64.00,64.00,"-37,640.18","-37,640.18",,
,,02.01,市场部,,,64.00,64.00,"-37,640.18","-37,640.18",,
6601.10,　　快递费,,,,,,,311.51,311.51,,
,,02.01,市场部,,,,,311.51,311.51,,
6601.11,　　样品费,,,,,"11,441.21","11,441.21","15,593.34","15,593.34",,
,,02.01,市场部,,,"11,441.21","11,441.21","15,593.34","15,593.34",,
6601.20,　　出口费用,,,,,,,"30,800.00","30,800.00",,
,,02.01,市场部,,,,,"30,800.00","30,800.00",,
6602,管理费用,,,,,"961,749.44","961,749.44","4,993,927.95","4,993,927.95",,
6602.01,　　办公费,,,,,"15,450.19","15,450.19","236,542.12","236,542.12",,
,,01.01,总经办,,,,,172.57,172.57,,
,,03.04,工艺装备科,,,"15,450.19","15,450.19","15,450.19","15,450.19",,
,,06.01,品质部,,,,,"30,020.38","30,020.38",,
,,07.01,财务部,,,,,"90,568.46","90,568.46",,
,,08.01,人事行政部,,,,,"6,137.70","6,137.70",,
,,08.02,综合科,,,,,"94,192.82","94,192.82",,
6602.02,　　业务招待费,,,,,501.00,501.00,"30,251.24","30,251.24",,
,,01.01/01.99,总经办/总经办公共,,,,,"4,392.08","4,392.08",,
,,07.01/012,财务部/李贵鹏,,,,,"7,000.00","7,000.00",,
,,07.01/101,财务部/朱彩荧,,,,,420.00,420.00,,
,,08.01/K000835,人事行政部/张磊军,,,,,615.96,615.96,,
,,08.01/K032434,人事行政部/周小姣,,,501.00,501.00,"14,819.20","14,819.20",,
,,10.01/K027930,采购部/陈庆杰,,,,,"3,004.00","3,004.00",,
6602.03,　　差旅费,,,,,"1,211.17","1,211.17","11,243.52","11,243.52",,
,,01.01/K019908,总经办/马鹏涛,,,775.79,775.79,775.79,775.79,,
,,05.08/K025016,安环科/王磊,,,,,270.00,270.00,,
,,07.01/101,财务部/朱彩荧,,,,,686.34,686.34,,
,,08.01/08.99,人事行政部/综合管理部公共,,,,,92.45,92.45,,
,,08.01/K000835,人事行政部/张磊军,,,,,"2,317.87","2,317.87",,
,,08.01/K032434,人事行政部/周小姣,,,,,831.59,831.59,,
,,10.01/K027930,采购部/陈庆杰,,,435.38,435.38,"6,269.48","6,269.48",,
6602.04,　　工资,,,,,"141,723.19","141,723.19","297,129.85","297,129.85",,
,,07.01,财务部,,,"-3,993.81","-3,993.81","37,876.38","37,876.38",,
,,08.01,人事行政部,,,"12,500.00","12,500.00","76,625.41","76,625.41",,
,,08.02,综合科,,,,,-107.65,-107.65,,
,,08.11,应届毕业生,,,"120,000.00","120,000.00","120,000.00","120,000.00",,
,,1,实习生,,,"9,017.00","9,017.00","41,958.41","41,958.41",,
,,99.01,公共,,,"4,200.00","4,200.00","20,777.30","20,777.30",,
6602.05,　　折旧费,,,,,"3,520.64","3,520.64","38,417.32","38,417.32",,
,,01.01,总经办,,,"6,495.80","6,495.80","44,263.64","44,263.64",,
,,05.08,安环科,,,60.72,60.72,425.04,425.04,,
,,07.01,财务部,,,272.71,272.71,"1,908.97","1,908.97",,
,,08.01,人事行政部,,,321.68,321.68,"2,251.76","2,251.76",,
,,09.04,热固-生产组,,,,,"3,925.97","3,925.97",,
,,10.01,采购部,,,295.70,295.70,"1,345.82","1,345.82",,
,,99.01,公共,,,"-3,925.97","-3,925.97","-15,703.88","-15,703.88",,
6602.06,　　职工教育经费,,,,,688.00,688.00,"3,438.00","3,438.00",,
,,08.01,人事行政部,,,688.00,688.00,"3,438.00","3,438.00",,
6602.07,　　福利费,,,,,"1,275.70","1,275.70","134,875.45","134,875.45",,
,,05.01,生产运营部,,,,,"30,232.94","30,232.94",,
,,05.08,安环科,,,597.80,597.80,597.80,597.80,,
,,05.22,生产运营部-公共,,,,,"10,802.49","10,802.49",,
,,07.01,财务部,,,128.00,128.00,"1,353.59","1,353.59",,
,,08.01,人事行政部,,,460.90,460.90,"31,964.90","31,964.90",,
,,10.01,采购部,,,89.00,89.00,790.00,790.00,,
,,99.01,公共,,,,,"59,133.73","59,133.73",,
6602.10,　　研究开发费,,,,,"714,771.90","714,771.90","3,948,966.26","3,948,966.26",,
,,03.01/001,技术部/公共,,,"145,603.84","145,603.84","889,851.73","889,851.73",,
,,03.01/002,技术部/热塑,,,"29,437.04","29,437.04","875,946.85","875,946.85",,
,,03.01/003,技术部/热固,,,"28,719.97","28,719.97","108,009.15","108,009.15",,
,,03.01/004,技术部/车用,,,"336,828.26","336,828.26","1,145,826.40","1,145,826.40",,
,,03.01/005,技术部/非车用,,,"95,990.91","95,990.91","400,641.50","400,641.50",,
,,03.01/006,技术部/工艺装备科-公共,,,570.00,570.00,"6,157.32","6,157.32",,
,,03.02/001,技术研究科/公共,,,,,"69,079.24","69,079.24",,
,,03.03/001,产品开发科/公共,,,68.93,68.93,68.93,68.93,,
,,03.03/002,产品开发科/热塑,,,,,"1,592.92","1,592.92",,
,,03.04/001,工艺装备科/公共,,,"2,779.78","2,779.78","45,938.18","45,938.18",,
,,03.04/004,工艺装备科/车用,,,"2,385.73","2,385.73","11,616.70","11,616.70",,
,,03.04/005,工艺装备科/非车用,,,"7,349.74","7,349.74","21,722.42","21,722.42",,
,,03.04/006,工艺装备科/工艺装备科-公共,,,"29,408.05","29,408.05","50,617.72","50,617.72",,
,,04.01/001,装备部/公共,,,,,210.68,210.68,,
,,04.02/001,装备开发科/公共,,,,,943.38,943.38,,
,,06.01/001,品质部/公共,,,"14,940.50","14,940.50","146,724.92","146,724.92",,
,,06.01/002,品质部/热塑,,,,,"2,105.00","2,105.00",,
,,06.01/003,品质部/热固,,,,,"1,602.00","1,602.00",,
,,06.01/004,品质部/车用,,,"3,447.29","3,447.29","45,873.33","45,873.33",,
,,06.01/005,品质部/非车用,,,,,"5,180.45","5,180.45",,
,,06.01/007,品质部/品质部-公共,,,"16,723.28","16,723.28","98,106.12","98,106.12",,
,,09.03/001,热固-技术组/公共,,,518.58,518.58,"3,630.06","3,630.06",,
,,09.03/003,热固-技术组/热固,,,,,"3,120.87","3,120.87",,
,,99.01/001,公共/公共,,,,,"14,400.39","14,400.39",,
6602.13,　　运杂费,,,,,,,73.96,73.96,,
,,07.01,财务部,,,,,60.38,60.38,,
,,08.01,人事行政部,,,,,13.58,13.58,,
6602.14,　　社保费,,,,,"19,819.09","19,819.09","58,033.79","58,033.79",,
,,05.08,安环科,,,"3,129.33","3,129.33","8,344.88","8,344.88",,
,,07.01,财务部,,,,,"4,387.66","4,387.66",,
,,08.01,人事行政部,,,"5,215.55","5,215.55","18,982.74","18,982.74",,
,,08.11,应届毕业生,,,"11,474.21","11,474.21","11,655.41","11,655.41",,
,,99.01,公共,,,,,"14,663.10","14,663.10",,
6602.15,　　公积金,,,,,"6,252.00","6,252.00","10,467.00","10,467.00",,
,,05.08,安环科,,,726.00,726.00,"1,698.00","1,698.00",,
,,07.01,财务部,,,,,"1,920.00","1,920.00",,
,,08.01,人事行政部,,,246.00,246.00,"1,569.00","1,569.00",,
,,08.11,应届毕业生,,,"5,280.00","5,280.00","5,280.00","5,280.00",,
6602.16,　　长期待摊,,,,,,,"2,161.95","2,161.95",,
,,08.01,人事行政部,,,,,"2,161.95","2,161.95",,
6602.19,　　咨询顾问费,,,,,"19,801.98","19,801.98","53,663.37","53,663.37",,
,,06.01,品质部,,,,,"33,861.39","33,861.39",,
,,07.01,财务部,,,"19,801.98","19,801.98","19,801.98","19,801.98",,
6602.21,　　安全费,,,,,"29,912.04","29,912.04","124,732.05","124,732.05",,
,,05.08,安环科,,,"29,912.04","29,912.04","124,732.05","124,732.05",,
6602.99,　　其他,,,,,"6,822.54","6,822.54","43,932.07","43,932.07",,
,,03.01,技术部,,,,,-33.20,-33.20,,
,,05.01,生产运营部,,,-0.01,-0.01,-0.01,-0.01,,
,,99.01,公共,,,"6,822.55","6,822.55","43,965.28","43,965.28",,
6603,财务费用,,,,,898.99,898.99,"8,180.01","8,180.01",,
6603.01,　　利息支出,,,,,"12,308.33","12,308.33","12,308.33","12,308.33",,
,,07.01/004,财务部/交通银行,,,"12,308.33","12,308.33","12,308.33","12,308.33",,
6603.02,　　利息收入,,,,,"-2,583.33","-2,583.33","-7,921.76","-7,921.76",,
,,07.01/001,财务部/中国农业银行,,,"-2,583.33","-2,583.33","-3,708.98","-3,708.98",,
,,07.01/003,财务部/广发银行,,,,,"-4,212.78","-4,212.78",,
6603.03,　　汇兑损益,,,,,"-10,324.26","-10,324.26","-5,860.36","-5,860.36",,
6603.04,　　手续费,,,,,"1,498.25","1,498.25","9,653.80","9,653.80",,
,,07.01,财务部,,,"1,498.25","1,498.25","9,653.80","9,653.80",,
6702,信用减值损失,,,,,,,"198,693.66","198,693.66",,
6702.01,　　应收账款坏账损失,,,,,,,"115,393.48","115,393.48",,
6702.02,　　其他应收款坏账损失,,,,,,,"83,300.18","83,300.18",,
6711,营业外支出,,,,,"2,371.66","2,371.66","7,054.95","7,054.95",,
6711.06,　　报废处置损失,,,,,"2,371.66","2,371.66","2,706.49","2,706.49",,
6711.99,　　其他,,,,,,,"4,348.46","4,348.46",,
6801,所得税费用,,,,,,,"1,299,009.52","1,299,009.52",,
6801.01,　　当期所得税,,,,,,,"2,225,724.19","2,225,724.19",,
6801.02,　　递延所得税,,,,,,,"-926,714.67","-926,714.67",,
,合计,,,"407,178,126.44","407,178,126.44","124,731,035.08","124,731,035.08","1,381,962,587.20","1,381,962,587.20","417,251,004.60","417,251,004.60"
