大类,中类,小类,年,月份,基地,时间,合同号,设备/服务名称,中标供应商,数量, 合同单价（元） , 合同总价（元） ,预算金额（元）,付款方式,跟单人
,,,2024,1,碳纤维,2024/1/5,KINGFA20240105-1,变频器维修,广东友仪技术股份有限公司,1," 5,200.00 "," 5,200.00 ",,月结，票到一个月付款,陈嘉俊
,,,2024,1,碳纤维,2024/1/5,KINGFA20240105-1,变频器维修,广东友仪技术股份有限公司,1," 4,800.00 "," 4,800.00 ",,月结，票到一个月付款,陈嘉俊
,,,2024,1,碳纤维,2024/1/7, KFTXWCCC20240107,油温机、冷水机管路安装 ,广东省石油化工建设集团有限公司,1," 100,000.00 "," 100,000.00 ",,安装调试完毕并经双方有关部门验收合格且收到乙方开具的全额可抵扣增值税发票一个月内付清。,王娜
,,,2024,1,碳纤维,2024/1/7, KFTXWCCC20240107-1,VE4裁切工装,惠州博源模具科技有限公司,1," 10,000.00 "," 10,000.00 ",,货到验收合格见13%增值税专用发票一个月内付清,王娜
,,,2024,1,碳纤维,2024/1/10, KFTXWCCC20240110,新增监控,上海湘辉电子科技有限公司,1," 200,000.00 "," 200,000.00 ",,安装调试完工后见13%增值税专用发票一个月内付清,王娜
,,,2024,1,碳纤维,2024/1/12, KFTXWCCC20240112,层压机废气收集,广州尚洁环保科技股份有限公司,1," 130,000.00 "," 130,000.00 ",,,王娜
,,,2024,1,碳纤维,2024/1/15,KINGFA202301218-1,切纸机维修,广州鑫盛印刷机配件有限公司,1," 4,780.00 "," 4,780.00 ",,现付,陈嘉俊
,,,2024,1,碳纤维,2024/1/16,KFTXWCC20240116,升降平台改造,广州精宇汇机电设备有限公司,2," 25,000.00 "," 5,000.00 ",,验收合格见票一个月,王娜
,,,2024,1,碳纤维,2024/1/25,KFTXWCC202400125-1,笔记本电脑,清远市博创信息科技有限公司,1," 4,800.00 "," 4,800.00 ",,月结,陈嘉俊
,,,2024,1,碳纤维,2024/1/25,KFTXWCC20231010-1,弹片-A2模具,惠州博源模具科技有限公司,1," 6,800.00 "," 6,800.00 ",,月结,陈嘉俊
,,,2024,1,碳纤维,2024/1/25,KINGFA202100125-1,西门子电源维修,广东友仪技术股份有限公司,1, 800.00 , 800.00 ,,月结，票到一个月付款,陈嘉俊
,,,2024,1,碳纤维,2024/1/25,KINGFA202100125-1,中西控制器维修,广东友仪技术股份有限公司,1," 2,900.00 "," 2,900.00 ",,月结，票到一个月付款,陈嘉俊
,,,2024,1,碳纤维,2024/1/25,KINGFA202400125-2,行车保养,广州五杰机械有限公司,1," 9,000.00 "," 9,000.00 ",,月结，票到一个月付款,陈嘉俊
,,,2024,1,碳纤维,2024/1/25,KINGFA202400125-3,CNC改造,广州鼎申机电设备有限公司,1," 13,000.00 "," 13,000.00 ",,月结，票到一个月付款,陈嘉俊
,,,2024,1,碳纤维,2024/1/25,KINGFA202400125-4,车间软水系统保养,东莞市杰邦水处理有限公司,1," 28,000.00 "," 28,000.00 ",,现付,陈嘉俊
,,,2024,1,碳纤维,2024/1/29,KFTXWCC20240129,固化炉GH-1800,威海亚非达机械科技有限公司,1," 19,000.00 "," 19,000.00 ",,设备到甲方工厂安装调试验收合格后见13%增值税专用全额发票一个月内付清,王娜
,,,2024,2,碳纤维,2024/2/1,KFTXWCC202400129-1,自动多轴碳纤维管加工机,广州市先知精密机械制造有限公司,1," 160,000.00 "," 160,000.00 ",,预付款   3-6-1,陈嘉俊
,,,2024,2,碳纤维,2024/2/1,KINGFA202400201-1,机械手吸盘改造,四维机械科技（广州）有限公司,1," 11,500.00 "," 11,500.00 ",,月结，票到一个月付款,陈嘉俊
,,,2024,3,碳纤维,2024/3/1,KFTXWCC20240301,蜂窝芯挤出段,张家港市博迪塑料机械有限公司,1," 358,000.00 "," 358,000.00 ",,合同签订后预付合同总金额的30%作为预付款；发货前双方于乙方工厂对设备进行预验收，预验收证明不作为最终的验收依据，预验收合格付合同总金额的30%作为发货款；设备到甲方工厂安装调试验收合格后见13%增值税专用全额发票一个月内付30%验收款，合同总金额的10%为质保金，在质保期（验收合格之日起一年）届满后无息支付。,王娜
,,,2024,3,碳纤维,2024/3/4,KINGFA202400304-2,叉车维修,广州富强机械设备有限公司,1," 12,000.00 "," 12,000.00 ",,月结，票到一个月付款,陈嘉俊
,,,2024,3,碳纤维,2024/3/4,KINGFA202400304-1,变频器维修,广东友仪技术股份有限公司,1," 4,300.00 "," 4,300.00 ",,月结，票到一个月付款,陈嘉俊
,,,2024,3,碳纤维,2024/3/4,KINGFA202400304-1,变频器维修,广东友仪技术股份有限公司,1," 1,300.00 "," 1,300.00 ",,月结，票到一个月付款,陈嘉俊
,,,2024,3,碳纤维,2024/3/8,KINGFA202400308-1,有毒有害气体报警仪+有毒有害气体报警仪，主机1台+2个探头，3*1.5电缆线50米辅材一批，人工2100,清远市汇友五金建材有限公司,1," 3,200.00 "," 3,200.00 ",,月结,陈嘉俊
,,,2024,3,碳纤维,2024/3/9,KFTXWCC20240309,污渍检测设备,广州市斯睿特智能科技有限公司,1," 196,000.00 "," 196,000.00 ",,合同签订后预付合同总金额的30%作为预付款；发货前双方于乙方工厂对设备进行预验收，预验收证明不作为最终的验收依据，预验收合格付合同总金额的30%作为发货款；设备到甲方工厂安装调试验收合格后见13%增值税专用全额发票一个月内付30%验收款，合同总金额的10%为质保金，在质保期（验收合格之日起一年）届满后无息支付。,王娜
,,,2024,3,碳纤维,2024/3/14,KINGFA202400314-2,叉车蓄电池更改，48V575A国产,广州富强机械设备有限公司,1," 16,500.00 "," 16,500.00 ",,月结，票到一个月付款,陈嘉俊
,,,2024,3,碳纤维,2024/3/14,KINGFA202400314-1,维修键式气胀轴，Φ3˝*1750*2190mm,东莞市莱森精密机电有限公司,1," 1,050.00 "," 1,050.00 ",,验收后票到15天内付款,陈嘉俊
,,,2024,3,碳纤维,2024/3/14,KINGFA202400314-1,维修键式气胀轴，Φ3˝*2040*2310mm,东莞市莱森精密机电有限公司,1," 1,250.00 "," 1,250.00 ",,验收后票到15天内付款,陈嘉俊
,,,2024,3,碳纤维,2024/3/14,KINGFA202400314-1,维修键式气胀轴，Φ6˝*1700*1850mm,东莞市莱森精密机电有限公司,1," 2,060.00 "," 2,060.00 ",,验收后票到15天内付款,陈嘉俊
,,,2024,3,碳纤维,2024/3/14,KINGFA202400314-1,维修键式气胀轴，Φ6˝*2040*2310mm,东莞市莱森精密机电有限公司,2," 2,380.00 "," 4,760.00 ",,验收后票到15天内付款,陈嘉俊
,,,2024,3,碳纤维,2024/3/14,KINGFA202400314-1,维修键式气胀轴，Φ6˝*3300*3630mm,东莞市莱森精密机电有限公司,1," 3,600.00 "," 3,600.00 ",,验收后票到15天内付款,陈嘉俊
,,,2024,3,碳纤维,2024/3/15,KINGFA202400319-1,安全宣传+不锈钢宣传栏，2500mm*2400mm（包含宣传内容、宣传栏基础安装）,清远市清城区新城鼎峰广告经营部,1," 13,000.00 "," 13,000.00 ",,验收后支付货款。月结,陈嘉俊
,,,2024,3,碳纤维,2024/3/19,KFTXWCC20240319,C13后端改动,广东绿肯新材料科技有限公司,1," 49,000.00 "," 49,000.00 ",,验收合格一个月,王娜
,,,2024,3,碳纤维,2024/3/19,KINGFA202400319-2,安全防护配件,四维机械科技（广州）有限公司,1," 11,500.00 "," 11,500.00 ",,月结，票到一个月付款,陈嘉俊
,,,2024,3,碳纤维,2024/3/25,KINGFA202400325-1,CNC改造,广州鼎申机电设备有限公司,1," 36,000.00 "," 36,000.00 ",,月结，票到一个月付款,陈嘉俊
,,,2024,3,碳纤维,2024/3/25,KINGFA202400325-2,爱科裁床维修,杭州爱科科技股份有限公司,1," 1,150.00 "," 1,150.00 ",,月结，票到一个月付款,陈嘉俊
,,,2024,3,碳纤维,2024/3/25,KINGFA202400325-3,迈信驱动器维修,广东友仪技术股份有限公司,2, 900.00 ," 1,800.00 ",,月结，票到一个月付款,陈嘉俊
,,,2024,3,碳纤维,2024/3/25,KINGFA202400325-3,中西控制器维修,广东友仪技术股份有限公司,1," 2,500.00 "," 2,500.00 ",,月结，票到一个月付款,陈嘉俊
,,,2024,3,碳纤维,2024/3/25,KINGFA202400325-3,西门子触摸屏维修,广东友仪技术股份有限公司,1, 600.00 , 600.00 ,,月结，票到一个月付款,陈嘉俊
,,,2024,3,碳纤维,2024/3/26,20240326（复材）,EK24模具,广州利佰特汽车部件有限公司,1," 180,000.00 "," 180,000.00 ",,试模OK付30%，乙方加工20000件后，见全额发票支付余下70%。,王娜
,,,2024,3,碳纤维,2024/3/29, KFTXWCC20240329,C7分切机,佛山市盛图科技有限公司,1," 98,000.00 "," 98,000.00 ",,合同签订后预付合同总金额的30%作为预付款；发货前双方于乙方工厂对设备进行预验收，预验收证明不作为最终的验收依据，预验收合格付合同总金额的30%作为发货款；设备到甲方工厂安装调试验收合格后见13%增值税专用全额发票一个月内付30%验收款，合同总金额的10%为质保金，在质保期（验收合格之日起一年）届满后无息支付。,王娜
,,,2024,3,碳纤维,2024/3/29, KFTXWCC20240329-1,614车间预浸线集气罩整改,广州尚洁环保科技股份有限公司,1," 30,000.00 "," 30,000.00 ",,验收合格一个月,王娜
,,,2024,3,碳纤维,2024/3/29, KFTXWCC20240329-2,614车间废气管路新增灭火,广州尚洁环保科技股份有限公司,1," 50,000.00 "," 50,000.00 ",,验收合格一个月,王娜
,,,2024,3,碳纤维,2024/3/29, KFTXWCC20240329-3,双极板模试验模具,宁波市益普乐模塑有限公司,1," 73,450.00 "," 73,450.00 ",, ,王娜
,,,2024,4,碳纤维,2024/4/1,KINGFA202400401-1,高温硅胶辊包胶，280*1900mm,佛山市南海区里水鑫程佳胶辊厂,3," 4,200.00 "," 12,600.00 ",,月结，票到一个月付款,陈嘉俊
,,,2024,4,碳纤维,2024/4/1,KINGFA202400401-1,高温硅胶辊包胶，200*1900mm,佛山市南海区里水鑫程佳胶辊厂,1," 5,100.00 "," 5,100.00 ",,月结，票到一个月付款,陈嘉俊
,,,2024,4,碳纤维,2024/4/1,KINGFA202400401-1,胶辊包胶，110*1620mm,佛山市南海区里水鑫程佳胶辊厂,2," 1,150.00 "," 2,300.00 ",,月结，票到一个月付款,陈嘉俊
,,,2024,4,碳纤维,2024/4/1,KINGFA202400401-1,胶辊包胶，120*1620mm,佛山市南海区里水鑫程佳胶辊厂,2," 1,250.00 "," 2,500.00 ",,月结，票到一个月付款,陈嘉俊
,,,2024,4,碳纤维,2024/4/1,KINGFA202400401-1,胶辊包胶，292*1700*2490mm,佛山市南海区里水鑫程佳胶辊厂,1," 5,400.00 "," 5,400.00 ",,月结，票到一个月付款,陈嘉俊
,,,2024,4,碳纤维,2024/4/3,KINGFA202400403-1,电子据维修,佛山市顺德区一诺纵横机械制造有限公司,1," 3,900.00 "," 3,900.00 ",,款到发货,陈嘉俊
,,,2024,4,碳纤维,2024/4/9,KFTXWCC20240409,重型高精型镂铣机SA1560,广州市番禺区鼎申数控机床厂,1," 285,000.00 "," 285,000.00 ",,合同签订后预付合同总金额的30%作为预付款；发货前双方于乙方工厂对设备进行预验收，预验收证明不作为最终的验收依据，预验收合格付合同总金额的30%作为发货款；设备到甲方工厂安装调试验收合格后见13%增值税专用全额发票一个月内付30%验收款，合同总金额的10%为质保金，在质保期（验收合格之日起一年）届满后无息支付。,王娜
,,,2024,4,碳纤维,2024/4/9,KFTXWCC202400402-1,笔记本电脑,清远市博创信息科技有限公司,1," 4,250.00 "," 4,250.00 ",,月结,陈嘉俊
,,,2024,4,碳纤维,2024/4/9,KINGFA202400409-2,裁片机连杆机构改造,四维机械科技（广州）有限公司,10, 400.00 ," 4,000.00 ",,月结，票到一个月付款,陈嘉俊
,,,2024,4,碳纤维,2024/4/9,KINGFA202400409-1,维修键式气胀轴，Φ6˝*3300*3710mm,东莞市莱森精密机电有限公司,1," 3,600.00 "," 3,600.00 ",,验收后票到15天内付款,陈嘉俊
,,,2024,4,碳纤维,2024/4/12,KFTXWCC20240412,底护板模具,吉林省华阳新材料研发有限公司 ,1," 260,000.00 "," 260,000.00 ",,4/11付30%，4/25付30%，10/25付40%,王娜
,,,2024,4,碳纤维,2024/4/16,KINGFA202400416-1,C2冷冻机保养,广州高冠制冷设备有限公司,1," 9,500.00 "," 9,500.00 ",,月结，票到一个月付款,陈嘉俊
,,,2024,4,碳纤维,2024/4/19,KFTXWCC202400419-1,台式电脑，联想M450-N00,清远市博创信息科技有限公司,1," 4,400.00 "," 4,400.00 ",,月结,陈嘉俊
,,,2024,4,碳纤维,2024/4/19,KINGFA202400419-1,预浸线安全防护罩,四维机械科技（广州）有限公司,5," 1,700.00 "," 8,500.00 ",,月结，票到一个月付款,陈嘉俊
,,,2024,4,碳纤维,2024/4/19,KINGFA202400419-1,预浸线安全防护罩,四维机械科技（广州）有限公司,5, 600.00 ," 3,000.00 ",,月结，票到一个月付款,陈嘉俊
,,,2024,4,碳纤维,2024/4/25,KFTXWCC20240425,拉挤模具,吉林省华阳新材料研发有限公司 ,1," 42,000.00 "," 42,000.00 ",,4/22付30%，4/28付30%，10/28付40%,王娜
,,,2024,5,碳纤维,2024/5/1,KINGFA202400430-1,C8压机定制工装,四维机械科技（广州）有限公司,1," 10,800.00 "," 10,800.00 ",,月结，票到一个月付款,陈嘉俊
,,,2024,5,碳纤维,2024/5/1,KINGFA202400430-2,D9振动刀维修,广东瑞洲科技有限公司,1," 1,950.00 "," 1,950.00 ",,月结，票到一个月付款,陈嘉俊
,,,2024,5,碳纤维,2024/5/1,KINGFA202400430-3,堆高车维修（1424）,林德（中国）叉车有限公司广州分公司,1," 9,800.00 "," 9,800.00 ",,月结，票到一个月付款,陈嘉俊
,,,2024,5,碳纤维,2024/5/1,KINGFA202400430-4,高温硅胶辊包胶，280*1900mm,佛山市南海区里水鑫程佳胶辊厂,2," 4,200.00 "," 8,400.00 ",,月结，票到一个月付款,陈嘉俊
,,,2024,5,碳纤维,2024/5/1,KINGFA202400430-5,叉车维修,广州富强机械设备有限公司,1," 12,220.00 "," 12,220.00 ",,月结，票到一个月付款,陈嘉俊
,,,2024,5,碳纤维,2024/5/1,KINGFA202400430-6,D5/C14隔板安装，36m*4.9m,广东省石油化工建设集团有限公司,1," 20,000.00 "," 20,000.00 ",,月结，票到一个月付款,陈嘉俊
,,,2024,5,碳纤维,2024/5/1,JF202404018,年度保养合同,广州市广起起重设备有限公司,1," 45,000.00 "," 45,000.00 ",,验收后票到15天内付款,陈嘉俊
,,,2024,5,碳纤维,2024/5/11, KFTXWCC20240511,C11拉式生产项目,佛山市盛图科技有限公司,1," 700,000.00 "," 700,000.00 ",,同签订后预付合同总金额的30%作为预付款；发货前双方于乙方工厂对设备进行预验收，预验收证明不作为最终的验收依据，预验收合格付合同总金额的30%作为发货款；设备到甲方工厂安装调试验收合格后见13%增值税专用全额发票一个月内付30%验收款，合同总金额的10%为质保金，在质保期（验收合格之日起一年）届满后无息支付。,王娜
,,,2024,5,碳纤维,2024/5/15, KFTXWCC20240515（碳纤维）,高性能复合材料建设用地项目安全风险评估,中海兴发（广东）安全技术服务有限公司,1," 35,000.00 "," 35,000.00 ",,预付50%，乙方完成编制付50%。,王娜
,,,2024,5,碳纤维,2024/5/17,KFTXWCC202400517-1,笔记本电脑，联想ThinkPad L13，CPU：I5（13代）（中配），内存：16G，硬盘：512G（固态）,清远市博创信息科技有限公司,2," 5,400.00 "," 10,800.00 ",,月结,陈嘉俊
,,,2024,5,碳纤维,2024/5/17,KINGFA202400517-1,614行吊钢丝绳更换,广州市广起起重设备有限公司,1," 3,200.00 "," 3,200.00 ",,月结，票到一个月付款,陈嘉俊
,,,2024,5,碳纤维,2024/5/17,KINGFA202400517-2,定制工装,四维机械科技（广州）有限公司,1," 21,500.00 "," 21,500.00 ",,月结，票到一个月付款,陈嘉俊
,,,2024,5,碳纤维,2024/5/30,/,空调,京东,1," 7,299.00 "," 7,299.00 ",,先款后货,王娜
,,,2024,6,碳纤维,2024/6/1,20240311A,镜面辊加工表面Φ450*1700,广州市启业制辊有限公司,4," 16,875.00 "," 67,500.00 ",,款到发货,陈嘉俊
,,,2024,6,碳纤维,2024/6/3,陈嘉俊代垫,笔记本电脑,京东,1," 4,791.00 "," 4,791.00 ",,现付,陈嘉俊
,,,2024,6,碳纤维,2024/6/6,KINGFA202400606-1,A11定型辊中辊维修,广州市启业制辊有限公司,1," 12,300.00 "," 12,300.00 ",,月结，票到一个月付款,陈嘉俊
,,,2024,6,碳纤维,2024/6/6,KINGFA202400611-1,旋转接头维修H  250 k-444,深圳市亚凯斯科技有限公司,1," 17,600.00 "," 17,600.00 ",,预付100%,陈嘉俊
,,,2024,6,碳纤维,2024/6/11,KFTXWCC202400611-1,台式电脑，联想M450-N00,清远市博创信息科技有限公司,1," 4,400.00 "," 4,400.00 ",,月结,陈嘉俊
,,,2024,6,碳纤维,2024/6/11,KINGFA202400611-2,导热油泵维修NBT  32-160,上海铨宏热能设备工程有限公司,1," 15,500.00 "," 15,500.00 ",,预付100%,陈嘉俊
,,,2024,6,碳纤维,2024/6/13,KFTXWCC20240613,检具,东莞市福聚多汽车设备有限公司,1," 19,000.00 "," 19,000.00 ",,预付50%，验收合格付50%,王娜
,,,2024,6,碳纤维,2024/6/13,KFTXWCC20240613-1,蜂窝芯切断工位,四维机械科技（广州）有限公司,1," 60,000.00 "," 60,000.00 ",,安装调试验收合格见13%增值税发票一个月,王娜
,,,2024,6,碳纤维,2024/6/17,陈嘉俊代垫,台式电脑,京东,1," 7,116.90 "," 7,116.90 ",,现付,陈嘉俊
,,,2024,6,碳纤维,2024/6/18,KFTXWCC202400618-1,新制胶辊，Φ240*3200*3575,佛山市南海区里水鑫程佳胶辊厂,1," 10,300.00 "," 10,300.00 ",,月结,陈嘉俊
,,,2024,6,碳纤维,2024/6/18,KFTXWCC202400618-1,新制胶辊，Φ240*3200*3690,佛山市南海区里水鑫程佳胶辊厂,1," 10,500.00 "," 10,500.00 ",,月结,陈嘉俊
,,,2024,6,碳纤维,2024/6/18,KINGFA202400618-1,胶辊包胶，Φ280*3100,佛山市南海区里水鑫程佳胶辊厂,1," 7,000.00 "," 7,000.00 ",,月结，票到一个月付款,陈嘉俊
,,,2024,6,碳纤维,2024/6/18,KINGFA202400618-1,胶辊包胶，Φ195*1900,佛山市南海区里水鑫程佳胶辊厂,1," 4,800.00 "," 4,800.00 ",,月结，票到一个月付款,陈嘉俊
,,,2024,6,碳纤维,2024/6/18,KINGFA202400618-1,新制胶辊，Φ155*195*1900,佛山市南海区里水鑫程佳胶辊厂,1," 6,200.00 "," 6,200.00 ",,月结，票到一个月付款,陈嘉俊
,,,2024,6,碳纤维,2024/6/18,KINGFA202400618-1,胶辊包胶，Φ200*2000,佛山市南海区里水鑫程佳胶辊厂,1," 2,700.00 "," 2,700.00 ",,月结，票到一个月付款,陈嘉俊
,,,2024,6,碳纤维,2024/6/18,KINGFA202400618-1,新制胶辊，Φ190*200*2000,佛山市南海区里水鑫程佳胶辊厂,1," 4,300.00 "," 4,300.00 ",,月结，票到一个月付款,陈嘉俊
,,,2024,6,碳纤维,2024/6/18,KINGFA202400618-2,行吊维修,广州市广起起重设备有限公司,1," 16,800.00 "," 16,800.00 ",,月结，票到一个月付款,陈嘉俊
,,,2024,6,碳纤维,2024/6/18,KINGFA202400618-3,安全防护罩,四维机械科技（广州）有限公司,1," 17,500.00 "," 17,500.00 ",,月结，票到一个月付款,陈嘉俊
,,,2024,6,碳纤维,2024/6/19,KINGFA202400619-1,车间公共安全用电工程,广东省石油化工建设集团有限公司,1," 85,000.00 "," 85,000.00 ",,月结，票到一个月付款,陈嘉俊
,,,2024,6,碳纤维,2024/6/19,KINGFA202400619-2,空压机配件,广东云昌空压机有限公司,16, 580.00 ," 9,280.00 ",,月结，票到一个月付款,陈嘉俊
,,,2024,6,碳纤维,2024/6/19,KINGFA202400619-3,胶辊包胶，292*1700*2490mm,佛山市南海区里水鑫程佳胶辊厂,1," 4,500.00 "," 4,500.00 ",,月结，票到一个月付款,陈嘉俊
,,,2024,6,碳纤维,2024/6/19,KINGFA202400619-3,胶辊包胶，Φ200*2000,佛山市南海区里水鑫程佳胶辊厂,2," 2,700.00 "," 5,400.00 ",,月结，票到一个月付款,陈嘉俊
,,,2024,6,碳纤维,2024/6/19,KINGFA202400619-3,胶辊包胶，110*1620mm,佛山市南海区里水鑫程佳胶辊厂,1," 1,150.00 "," 1,150.00 ",,月结，票到一个月付款,陈嘉俊
,,,2024,6,碳纤维,2024/6/19,KINGFA202400619-3,胶辊包胶，120*1620mm,佛山市南海区里水鑫程佳胶辊厂,1," 1,250.00 "," 1,250.00 ",,月结，票到一个月付款,陈嘉俊
,,,2024,6,碳纤维,2024/6/26,KINGFA202400627-1,空调安装,清远市清城区石角镇金鑫电器维修部,1," 13,000.00 "," 13,000.00 ",,月结，票到一个月付款,陈嘉俊
,,,2024,7,碳纤维,2024/7/3,KFTXWCC202400703-1,"笔记本电脑，ThinkPad L13，CPU：I5（12代）（标配）内存：8G，硬盘：512G（固态）
无需操作系统",清远市博创信息科技有限公司,1," 5,100.00 "," 5,100.00 ",,月结,陈嘉俊
,,,2024,7,碳纤维,2024/7/3,KFTXWCC202400703-2,台式电脑，联想主机GEEKPRO，联想电脑屏幕ThinkVision 24.5英寸，鼠标键盘,翰林汇信息产业股份有限公司,1," 7,600.00 "," 7,600.00 ",,月结,陈嘉俊
,,,2024,7,碳纤维,2024/7/3,KINGFA202400703-1,PLC程序解密,深圳市佳鸿威科技有限公司,1," 2,400.00 "," 2,400.00 ",,款到发货,陈嘉俊
,,,2024,7,碳纤维,2024/7/8,KINGFA202400708-1,GA90空压机维修,广东云昌空压机有限公司,1," 23,800.00 "," 23,800.00 ",,月结，票到一个月付款,陈嘉俊
,,,2024,7,碳纤维,2024/7/8,XH2024031201,空压机年度保养,广东青昊节能科技有限公司,1," 73,400.00 "," 73,400.00 ",,月结，票到一个月付款,陈嘉俊
,,,2024,7,碳纤维,2024/7/12,KFTXWCC20240712,614车间新增实验室管路,广州尚洁环保科技股份有限公司,1," 36,800.00 "," 36,800.00 ",,安装调试验收合格见13%增值税发票一个月,王娜
,,,2024,7,碳纤维,2024/7/17,KFTXWCC202400717-1,C2切刀座,佛山市盛图科技有限公司,1," 44,500.00 "," 44,500.00 ",,月结,陈嘉俊
,,,2024,7,碳纤维,2024/7/17,KFTXWCC202400717-2,A614车间网络布线,上海湘辉电子科技有限公司,1," 29,800.00 "," 29,800.00 ",,月结,陈嘉俊
,,,2024,7,碳纤维,2024/7/17,KFTXWCC202400717-3,MX11-2模具维修,南通力威模具制造有限公司,1," 24,500.00 "," 24,500.00 ",,月结,陈嘉俊
,,,2024,7,碳纤维,2024/7/17,KINGFA202400717-1,维修油泵 KSB/ETNY40-200,无锡科联自控技术有限公司,1," 3,000.00 "," 3,000.00 ",,月结，票到一个月付款,陈嘉俊
,,,2024,7,碳纤维,2024/7/17,KINGFA202400717-2,C1冷冻机维修,广州高冠制冷设备有限公司,1," 8,800.00 "," 8,800.00 ",,月结，票到一个月付款,陈嘉俊
,,,2024,7,碳纤维,2024/7/17,KINGFA202400717-3,C9阀门定位器维修,广东友仪技术股份有限公司,3," 1,550.00 "," 4,650.00 ",,月结，票到一个月付款,陈嘉俊
,,,2024,7,碳纤维,2024/7/17,KINGFA202400717-4,维修键式气胀轴，Φ6˝*1700*1860mm,东莞市莱森精密机电有限公司,1," 2,060.00 "," 2,060.00 ",,月结，票到一个月付款,陈嘉俊
,,,2024,7,碳纤维,2024/7/17,KINGFA202400717-4,维修键式气胀轴，Φ6˝*3300*3730mm,东莞市莱森精密机电有限公司,1," 3,600.00 "," 3,600.00 ",,月结，票到一个月付款,陈嘉俊
,,,2024,7,碳纤维,2024/7/17,KINGFA202400717-4,维修键式气胀轴，Φ6˝*1700*1875mm,东莞市莱森精密机电有限公司,1," 2,060.00 "," 2,060.00 ",,月结，票到一个月付款,陈嘉俊
,,,2024,7,碳纤维,2024/7/17,KINGFA202400717-4,维修键式气胀轴，Φ3˝*2040*2355mm,东莞市莱森精密机电有限公司,1," 1,250.00 "," 1,250.00 ",,月结，票到一个月付款,陈嘉俊
,,,2024,7,碳纤维,2024/7/17,KINGFA202400717-4,维修键式气胀轴，Φ3˝*3410*37300mm,东莞市莱森精密机电有限公司,1," 2,090.00 "," 2,090.00 ",,月结，票到一个月付款,陈嘉俊
,,,2024,7,碳纤维,2024/7/17,KINGFA202400717-4,纠偏驱动器LD-803L200,东莞市莱森精密机电有限公司,1," 1,260.00 "," 1,260.00 ",,月结，票到一个月付款,陈嘉俊
,,,2024,7,碳纤维,2024/7/17,KINGFA202400717-5,车间风扇用电工程,广东省石油化工建设集团有限公司,1," 8,000.00 "," 8,000.00 ",,月结，票到一个月付款,陈嘉俊
,,,2024,7,碳纤维,2024/7/17,KINGFA202400717-6,堆高车维修（粤AH1424),清远市正德机械设备自动化科技有限公司,1," 1,190.00 "," 1,190.00 ",,月结，票到一个月付款,陈嘉俊
,,,2024,7,碳纤维,2024/7/17,KINGFA202400717-6,堆高车维修（粤RA1675),清远市正德机械设备自动化科技有限公司,1," 1,990.00 "," 1,990.00 ",,月结，票到一个月付款,陈嘉俊
,,,2024,7,碳纤维,2024/7/17,KINGFA202400717-7,安全防护罩加工件,四维机械科技（广州）有限公司,1," 19,500.00 "," 19,500.00 ",,月结，票到一个月付款,陈嘉俊
,,,2024,7,碳纤维,2024/7/17,KINGFA202400717-8,压机冷却铝方管维修,广州富强机械设备有限公司,21, 220.00 ," 4,620.00 ",,月结，票到一个月付款,陈嘉俊
,,,2024,8,碳纤维,2024/8/9,KINGFA202400809-1,导热油泵维修NBT  32-160,上海铨宏热能设备工程有限公司,1," 15,500.00 "," 15,500.00 ",,预付款,陈嘉俊
,,,2024,8,碳纤维,2024/8/9,KINGFA202400809-2,堆高车技能竞赛物料+堆高车技能竞赛物料（可口可乐易拉罐20支、绕线标杆1.8米12支、获奖证书6个、手持小风扇30个、怡宝矿泉水3箱）,清远市汇友五金建材有限公司,1," 1,719.00 "," 1,719.00 ",,月结,陈嘉俊
,,,2024,8,碳纤维,2024/8/12,KFTXWCC202400809-1,台式电脑，联想M450-N00,清远市博创信息科技有限公司,1," 4,400.00 "," 4,400.00 ",,月结,陈嘉俊
,,,2024,8,碳纤维,2024/8/12,KFTXWCC202400812-2,MX11-2底护板检测压紧治具，2283mm*1470mm*30mm,东莞市广建宽装备有限公司,1," 60,000.00 "," 60,000.00 ",,月结,陈嘉俊
,,,2024,8,碳纤维,2024/8/14,KINGFA202400814-1,CNC改造,广州鼎申机电设备有限公司,1," 6,900.00 "," 6,900.00 ",,月结，票到一个月付款,陈嘉俊
,,,2024,8,碳纤维,2024/8/14,KINGFA202400814-2,CNC改造,广州鼎申机电设备有限公司,1," 6,500.00 "," 6,500.00 ",,月结，票到一个月付款,陈嘉俊
,,,2024,8,碳纤维,2024/8/14,KINGFA202400814-2,CNC改造,广州鼎申机电设备有限公司,1," 3,000.00 "," 3,000.00 ",,月结，票到一个月付款,陈嘉俊
,,,2024,8,碳纤维,2024/8/14,KINGFA202400814-3,真空机、空压机保养,广东云昌空压机有限公司,1," 6,000.00 "," 6,000.00 ",,月结，票到一个月付款,陈嘉俊
,,,2024,8,碳纤维,2024/8/29,KINGFA202400829-1,C9自动化改造和BO5封边机加工件,四维机械科技（广州）有限公司,1," 4,600.00 "," 4,600.00 ",,月结，票到一个月付款,陈嘉俊
,,,2024,8,碳纤维,2024/8/29,KINGFA20240829-2,柔性光伏板外观改善设备加工件,四维机械科技（广州）有限公司,1," 28,500.00 "," 28,500.00 ",,月结，票到一个月付款,陈嘉俊
,,,2024,9,碳纤维,2024/9/1,KFTXWCC202400829-1,笔记本电脑，联想ThinkPad L13，CPU：I5（13代）（中配），内存：16G，硬盘：512G（固态）,清远市博创信息科技有限公司,1," 5,400.00 "," 5,400.00 ",,月结,陈嘉俊
,,,2024,9,碳纤维,2024/9/3, KFTXWCCC20240903,2T电动单梁起重机,广州五杰机械有限公司,1," 55,000.00 "," 55,000.00 ",,合同双方签字盖章生效后，甲方付合同总价的30%给乙方作为预付款；安装调试完毕并经双方有关部门验收合格且收到乙方开具的全额可抵扣增值税发票一个月付60%，尾款10%在验收合格后1年内一次性付给乙方。,王娜
,,,2024,9,碳纤维,2024/9/19,KINGFA202400919-1,管廊接水槽及排水管安装工程,广州新异机电设备有限公司/广州中实机电设备有限公司,1," 32,000.00 "," 32,000.00 ",,验收后票到一个月付款,陈嘉俊
,,,2024,9,碳纤维,2024/9/25,KFTXWCC202400812-1,马弗炉/HT-12kw-1200℃,广州汇通启航电热设备有限公司,1," 5,700.00 "," 5,700.00 ",,月结,陈嘉俊
,,,2024,9,碳纤维,2024/9/25,KFTXWCC202400925-2,马弗炉/HT-12kw-1200℃,广州汇通启航电热设备有限公司,1," 5,700.00 "," 5,700.00 ",,月结,陈嘉俊
,,,2024,9,碳纤维,2024/9/25,KFTXWCC202400925-1,微机控制电子扭转试验机,深圳三思纵横科技股份有限公司,1," 76,000.00 "," 76,000.00 ",,预付款  3-3-3-1,陈嘉俊
,,,2024,9,碳纤维,2024/9/25,GZ-WY2024092501,激光镭雕机,广州翔声智能科技有限公司,1," 99,000.00 "," 99,000.00 ",,预付款   7-3,陈嘉俊
,,,2024,9,碳纤维,2024/9/29,KFTXWCC202400929-1,立式半自动研磨机,威海市通联精密机械有限公司,1," 25,000.00 "," 25,000.00 ",,预付款,陈嘉俊
,,,2024,10,碳纤维,2024/10/1,KF20241029,比亚迪电动叉车年度保养,广东顺德万德嘉机电设备有限公司,1," 40,000.00 "," 40,000.00 ",,验收后票到一个月付款,陈嘉俊
,,,2024,10,碳纤维,2024/10/1,KIINGFA202401023-1,叉车维修,广东顺德万德嘉机电设备有限公司,1," 13,834.00 "," 13,834.00 ",,验收后票到一个月付款,陈嘉俊
,,,2024,10,碳纤维,2024/10/9,KFTXWCC20241009,底护板聚脲喷涂生产线,昆山圣翰智能机械科技有限公司,1," 950,000.00 "," 950,000.00 ",,3331,王娜
,,,2024,10,碳纤维,2024/10/10,KFTXWCCC202401010-1,5455底护板冲切模,南通力威模具制造有限公司,1," 215,000.00 "," 215,000.00 ",,合同签订后预付合同总金额的30%作为预付款，发货前双方于乙方工厂对模具进行预验收，预验收证明不作为最终的验收依据，预验收合格付合同总金额的30%作为发货款；模具到甲方工厂验收合格后见13%增值税专用全额发票一个月内付30%验收款，合同总金额的10%为质保金，在质保期（验收合格之日起一年）届满后无息支付。。,王娜
,,,2024,10,碳纤维,2024/10/10,KFTXWCC202401012-1,台式电脑，联想主机GEEKPRO，联想电脑屏幕ThinkVision 24.5英寸，鼠标键盘,清远市博创信息科技有限公司,2," 7,200.00 "," 14,400.00 ",,月结,陈嘉俊
,,,2024,10,碳纤维,2024/10/10,KFTXWCC202401012-1,台式电脑，联想M450-N00，CPU：i5-12500（12代）（中配）内存：16G，硬盘：256G（固态）+1TB，（机械）键盘、鼠标。21寸显示器，,清远市博创信息科技有限公司,8," 4,400.00 "," 35,200.00 ",,月结,陈嘉俊
,,,2024,10,碳纤维,2024/10/10,KFTXWCC202401012-1,笔记本电脑，ThinkPad L13，CPU：I5（12代）（标配）内存：8G，硬盘：512G（固态）,清远市博创信息科技有限公司,8," 5,100.00 "," 40,800.00 ",,月结,陈嘉俊
,,,2024,10,碳纤维,2024/10/10,KFTXWCC20241010,层压机产线,东莞市精创机械设备有限公司,1," 1,050,000.00 "," 1,050,000.00 ",,3331,陈嘉俊
,,,2024,10,碳纤维,2024/10/12, KFTXWCCC20241011,实验室隔断,广东省石油化工建设集团有限公司,1," 9,000.00 "," 9,000.00 ",,安装调试完毕并经双方有关部门验收合格且收到乙方开具的全额可抵扣增值税发票一个月内付清。,王娜
,,,2024,10,碳纤维,2024/10/15,KINGFA20241015-1,地面疏散标识+30个,四维机械科技（广州）有限公司,1," 3,000.00 "," 3,000.00 ",,月结,陈嘉俊
,,,2024,10,碳纤维,2024/10/18,KFTXWCC202401018-1,MX11-2底护板检测压紧治具设变（0815）,东莞市广建宽装备有限公司,1," 20,000.00 "," 20,000.00 ",,预付款,陈嘉俊
,,,2024,10,碳纤维,2024/10/18,KFTXWCC202401018-2,MX11-2底护板检测压紧治具设变（0920）,东莞市广建宽装备有限公司,1," 30,000.00 "," 30,000.00 ",,预付款,陈嘉俊
,,,2024,10,碳纤维,2024/10/22,KFTXWCCC20241022,90度自动铺层设备,上海创轲新材料科技有限公司,1," 688,000.00 "," 688,000.00 ",,3331,王娜
,,,2024,11,碳纤维,2024/11/1,KFTXWC202401111-1,台式电脑，联想主机GEEKPRO，联想电脑屏幕ThinkVision 24.5英寸，鼠标键盘,清远市博创信息科技有限公司,1," 7,200.00 "," 7,200.00 ",,月结,陈嘉俊
,,,2024,11,碳纤维,2024/11/1,KFTXWC202401111-1,电脑主机，单主机2024，14代i5-14400F 16G RX7600,清远市博创信息科技有限公司,1," 5,150.00 "," 5,150.00 ",,月结,陈嘉俊
,,,2024,11,碳纤维,2024/11/1,KFTXWC202401111-1,台式电脑，联想M450-N00，CPU：i5-12500（12代）（中配）内存：16G，硬盘：256G（固态）+1TB，（机械）键盘、鼠标。21寸显示器，,清远市博创信息科技有限公司,1," 4,400.00 "," 4,400.00 ",,月结,陈嘉俊
,,,2024,11,碳纤维,2024/11/4,KFTXWC202401107-2,碳管研磨机,威海市通联精密机械有限公司,1," 87,850.00 "," 87,850.00 ",,3331,陈嘉俊
,,,2024,11,碳纤维,2024/11/4,KFTXWCC202401107-1,桨叶铺层复合线,东莞市中力自动化设备有限公司,1," 268,000.00 "," 268,000.00 ",,3331,陈嘉俊
,,,2024,11,碳纤维,2024/11/8,KFTXWC202401108-1,干冰清洗机主机及其配件,东莞湃清低温设备有限公司,1," 19,000.00 "," 19,000.00 ",,预付50%，验收一个月支付50%,陈嘉俊
,,,2024,11,碳纤维,2024/11/11,GDJF1108-(2024)-AQ(复材）,生产安全事故应急预案编制,清远市中天生态环玩意技术有限公司,1," 10,000.00 "," 10,000.00 ",,预付50%（开具发票支付），取得备案证，付50%,王娜
,,,2024,11,碳纤维,2024/11/11,KFTXWCC20241111,钢护板纵切机,广东绿肯新材料科技有限公司,1," 140,000.00 "," 140,000.00 ",,合同签订后预付合同总金额的30%作为预付款；发货前双方于乙方工厂对设备进行预验收，预验收证明不作为最终的验收依据，预验收合格付合同总金额的30%作为发货款；设备到甲方工厂安装调试验收合格后见13%增值税专用全额发票一个月内付30%验收款，合同总金额的10%为质保金，在质保期（验收合格之日起一年）届满后无息支付。,王娜
,,,2024,11,碳纤维,2024/11/22,KINGFA202401118-2,A13冷却上辊维修,广州市启业制辊有限公司,1," 13,850.00 "," 13,850.00 ",,验收后票到一个月付款,陈嘉俊
,,,2024,11,碳纤维,2024/11/22,KIINGFA202401118-1,C5悬臂吊轴承维修,广州市广起起重设备有限公司,1," 7,500.00 "," 7,500.00 ",,验收后票到一个月付款,陈嘉俊
,,,2024,11,碳纤维,2024/11/22,KFGC202401120-1,水路电路改造,广州中实机电设备有限公司,1," 11,000.00 "," 11,000.00 ",,验收后票到一个月付款,陈嘉俊
,,,2024,11,碳纤维,2024/11/22,KFRG202401119-1,人工费,科源（广州）精密科技有限公司,3," 10,000.00 "," 30,000.00 ",,验收后票到一个月付款,陈嘉俊
,,,2024,11,碳纤维,2024/11/22,KINGFA202401115-1,CNC改造,科源（广州）精密科技有限公司,1," 138,000.00 "," 138,000.00 ",,预付40%，票到验收一个月内后支付60%,陈嘉俊
,,,2024,11,碳纤维,2024/11/22,KINGFAGC202401101-2,618车间辅间照明工程,广东省石油化工建设集团有限公司,1," 58,000.00 "," 58,000.00 ",,验收后票到一个月付款,陈嘉俊
,,,2024,11,碳纤维,2024/11/22,KINGFAGC202401101-1,618车间用电工程,广东省石油化工建设集团有限公司,1," 60,000.00 "," 60,000.00 ",,验收后票到一个月付款,陈嘉俊
,,,2024,11,碳纤维,2024/11/22,KIINGFA202401023-1,叉车维修,广东顺德万德嘉机电设备有限公司,1," 13,834.00 "," 13,834.00 ",,验收后票到一个月付款,陈嘉俊
,,,2024,11,碳纤维,2024/11/22,KFGC202401118-1,车间整平工程，618辅房设备和辅房污水口做植筋浇筑，615车间16个1.2米设备安装基座拆除整平,广州秦惟装饰工程有限公司,1," 12,000.00 "," 12,000.00 ",,验收后票到一个月付款,陈嘉俊
,,,2024,11,碳纤维,2024/11/22,KFGC020241122-1,A618北侧草地面积约15平方米做地面硬化处理，要求承重3吨，A618车间内部凹槽地面填充，面积约12平方米，厚度12CM,广州秦惟装饰工程有限公司,1," 6,300.00 "," 6,300.00 ",,验收后票到一个月付款,陈嘉俊
,,,2024,11,碳纤维,2024/11/22,KFWX202401122-1,空压机维修,广东云昌空压机有限公司,1," 1,450.00 "," 1,450.00 ",,验收后票到一个月付款,陈嘉俊
,,,2024,11,碳纤维,2024/11/22,KFXW020241122-2,牵引上辊维修,佛山市南海区里水鑫程佳胶辊厂,1," 4,200.00 "," 4,200.00 ",,验收后票到一个月付款,陈嘉俊
,,,2024,11,碳纤维,2024/11/22,KFXW020241122-3,切纸机维修,广州杏华机械配件有限公司,1, 800.00 , 800.00 ,,验收后票到15天付款,陈嘉俊
,,,2024,11,碳纤维,2024/11/22,KFXW020241122-4,电箱拓展,广东荣顺电气有限公司,1," 6,380.00 "," 6,380.00 ",,验收后票到一个月付款,陈嘉俊
,,,2024,11,碳纤维,2024/11/22,KFXW020241122-6,设备改造,广州鼎申机电设备有限公司,1," 5,000.00 "," 5,000.00 ",,验收后票到一个月付款,陈嘉俊
,,,2024,11,碳纤维,2024/11/22,KFXW020241122-5,裁切机改造,广东绿肯新材料科技有限公司,1," 6,000.00 "," 6,000.00 ",,验收后票到一个月付款,陈嘉俊
,,,2024,11,碳纤维,2024/11/22,KFXW020241122-4,裁切机改造,广东绿肯新材料科技有限公司,1," 5,200.00 "," 5,200.00 ",,验收后票到一个月付款,陈嘉俊
,,,2024,12,碳纤维,2024/12/1,KFGC202401203-1,电气建设,广东省石油化工建设集团有限公司,1," 16,000.00 "," 16,000.00 ",,月结，票到一个月付款,陈嘉俊
,,,2024,12,碳纤维,2024/12/1,KFTXWC202401203-1,物料冲切产线(模切机）,广东坤轮电子设备科技有限公司,1," 380,000.00 "," 380,000.00 ",,3331,陈嘉俊
,,,2024,12,碳纤维,2024/12/3,KFGC202401203-3,水电气建设,广东省石油化工建设集团有限公司,1," 44,000.00 "," 44,000.00 ",,月结，票到一个月付款,陈嘉俊
,,,2024,12,碳纤维,2024/12/3,KFGC202401203-2,地面硬化,广州秦惟装饰工程有限公司,1," 2,500.00 "," 2,500.00 ",,月结，票到一个月付款,陈嘉俊
,,,2024,12,碳纤维,2024/12/10,KFGC202401210-1,A615水电气建设,广州秦惟装饰工程有限公司,1," 39,800.00 "," 39,800.00 ",,月结，票到一个月付款,陈嘉俊
,,,2024,12,碳纤维,2024/12/15,HS2024083001,MX11-2,宁海宏顺精密机械有限公司,1," 178,000.00 "," 178,000.00 ",,3-3-3-1,陈嘉俊
,,,2024,12,碳纤维,2024/12/15,HS2024083001,MX11-2,宁海宏顺精密机械有限公司,1," 280,000.00 "," 280,000.00 ",,3-3-3-1,陈嘉俊
,,,2024,12,碳纤维,2024/12/16,KFTXWCC20241216,手持三座标测量仪,基恩士（中国）有限公司,1," 368,000.00 "," 368,000.00 ",,预付100%,王娜
,,,2024,12,碳纤维,2024/12/16,KFTXWCC20241216-2,视觉检测设备,东莞市维鸿精密仪器有限公司,1," 780,000.00 "," 780,000.00 ",,合同签订后预付合同总金额的30%作为预付款；发货前双方于乙方工厂对设备进行预验收，预验收证明不作为最终的验收依据，预验收合格付合同总金额的30%作为发货款；设备到甲方工厂安装调试验收合格后见13%增值税专用全额发票一个月内付30%验收款，合同总金额的10%为质保金，在质保期（验收合格之日起一年）届满后无息支付。,王娜
,,,2024,12,碳纤维,2024/12/16,KFTXWCC20241216-1,聚脲喷涂自动化生产线,东莞市赫泰智能设备有限公司,1," 960,000.00 "," 960,000.00 ",,合同签订后预付合同总金额的30%作为预付款；发货前双方于乙方工厂对设备进行预验收，预验收证明不作为最终的验收依据，预验收合格付合同总金额的30%作为发货款；设备到甲方工厂安装调试验收合格后见13%增值税专用全额发票一个月内付30%验收款，合同总金额的10%为质保金，在质保期（验收合格之日起一年）届满后无息支付。,王娜
,,,2024,12,碳纤维,2024/12/18,KFGC202401218-1,水电建设,广东省石油化工建设集团有限公司,1," 140,000.00 "," 140,000.00 ",,月结，票到一个月付款,陈嘉俊
,,,2024,12,碳纤维,2024/12/26,KFTXWCC20241226-2,笔记本电脑,清远市博创信息科技有限公司,1," 5,400.00 "," 5,400.00 ",,月结,陈嘉俊
,,,2024,12,碳纤维,2024/12/26,KFTXWCC20241226-1,数显拉开法附着力测试仪,标格达精密仪器（广州）有限公司,1," 6,800.00 "," 6,800.00 ",,月结,陈嘉俊
,,,2024,12,碳纤维,2024/12/26,KFGC20241226-1,电气安装工程,广东省石油化工建设集团有限公司,1," 232,000.00 "," 232,000.00 ",,月结，票到一个月付款,陈嘉俊
,,,2024,12,碳纤维,2024/12/26,KFGC20241226-2,设备搬迁,广东省石油化工建设集团有限公司,1," 88,000.00 "," 88,000.00 ",,月结，票到一个月付款,陈嘉俊
,,,2024,12,碳纤维,2024/12/26,KFXW20241226-1,钢辊包胶,佛山市南海区里水鑫程佳胶辊厂,1," 2,700.00 "," 2,700.00 ",,月结，票到一个月付款,陈嘉俊
,,,2024,12,碳纤维,2024/12/26,KFXW20241226-1,钢辊包胶,佛山市南海区里水鑫程佳胶辊厂,1," 7,500.00 "," 7,500.00 ",,月结，票到一个月付款,陈嘉俊
,,,2024,12,碳纤维,2024/12/26,KFGC20241226-3,车间建设,广州中实机电设备有限公司,1," 17,500.00 "," 17,500.00 ",,月结，票到一个月付款,陈嘉俊
,,,2024,12,碳纤维,2024/12/27,KFTXWCC20241227,C10.C13后端纵切自动纠偏设备改造,广东绿肯新材料科技有限公司,1," 66,000.00 "," 66,000.00 ",,合同签订后预付合同总金额的30%作为预付款；设备到甲方工厂安装调试验收合格后见13%增值税专用全额发票一个月内付70%验收款。,王娜
,,,2025,1,碳纤维,2025/1/2, KFTXWCCC20250102,614新增设备配电气工程（见附件）,广东省石油化工建设集团有限公司,1," 58,000.00 "," 58,000.00 ",,安装调试完毕并经双方有关部门验收合格且收到乙方开具的全额可抵扣增值税发票一个月内付清。,王娜
,,,2025,1,碳纤维,2025/1/2, KFTXWCCC20250102-1,烘箱配电,广东省石油化工建设集团有限公司,1," 7,000.00 "," 7,000.00 ",,安装调试完毕并经双方有关部门验收合格且收到乙方开具的全额可抵扣增值税发票一个月内付清。,王娜
,,,2025,1,碳纤维,2025/1/3,KFTXWCC20250103,等离子往复机,东莞市赫泰智能设备有限公司,1," 60,000.00 "," 60,000.00 ",,合同签订后预付合同总金额的30%作为预付款；发货前双方于乙方工厂对设备进行预验收，预验收证明不作为最终的验收依据，预验收合格付合同总金额的30%作为发货款；设备到甲方工厂安装调试验收合格后见13%增值税专用全额发票一个月内付30%验收款，合同总金额的10%为质保金，在质保期（验收合格之日起一年）届满后无息支付。,王娜
,,,2025,1,碳纤维,2025/1/3,KFXW20250103-2,堆高车维修（粤RA1119),清远市正德机械设备自动化科技有限公司,1," 5,600.00 "," 5,600.00 ",,月结，票到一个月付款,陈嘉俊
,,,2025,1,碳纤维,2025/1/3,KFXW20250103-1,堆高车维修（粤RA1119),清远市正德机械设备自动化科技有限公司,1," 1,350.00 "," 1,350.00 ",,月结，票到一个月付款,陈嘉俊
,,,2025,1,碳纤维,2025/1/6,KFTXWCC20250106-1,热台层压机（大）1000*1200,东莞市精创机械设备有限公司,2," 90,500.00 "," 181,000.00 ",,3-3-3-1,陈嘉俊
,,,2025,1,碳纤维,2025/1/6,KFTXWCC20250106-1,开模台（大）4000*1000*850,东莞市精创机械设备有限公司,1," 29,000.00 "," 29,000.00 ",,3-3-3-1,陈嘉俊
,,,2025,1,碳纤维,2025/1/9,KFTXWCC20240109-1,笔记本电脑,清远市博创信息科技有限公司,1," 5,400.00 "," 5,400.00 ",,月结,陈嘉俊
,,,2025,1,碳纤维,2025/1/9,KFTXWCC20240109-1,笔记本电脑,清远市博创信息科技有限公司,1," 16,500.00 "," 16,500.00 ",,月结,陈嘉俊
,,,2025,1,碳纤维,2025/1/9,2027709,广汽传祺M8领秀尊享版,广州市经典汽车销售服务有限公司,1," 183,500.00 "," 183,500.00 ",,现付,陈嘉俊
,,,2025,1,碳纤维,2025/1/9,KFGC20250109-1,水电气建设,广东省石油化工建设集团有限公司,1," 13,000.00 "," 13,000.00 ",,月结，票到一个月付款,陈嘉俊
,,,2025,1,碳纤维,2025/1/9,KFGC20250109-2,水电气建设,广东省石油化工建设集团有限公司,1," 35,000.00 "," 35,000.00 ",,月结，票到一个月付款,陈嘉俊
,,,2025,1,碳纤维,2025/1/9,KFGC20250109-3,水电气建设,广东省石油化工建设集团有限公司,1," 42,000.00 "," 42,000.00 ",,月结，票到一个月付款,陈嘉俊
,,,2025,1,碳纤维,2025/1/13,JD306512371593,笔记本电脑,北京京东工业品贸易有限公司,1," 8,613.74 "," 8,613.74 ",,月结,陈嘉俊
,,,2025,1,碳纤维,2025/1/17,KFXW20251017-1,裁床机头维修,杭州爱科科技股份有限公司,1, 500.00 , 500.00 ,,月结，票到一个月付款,陈嘉俊
,,,2025,1,碳纤维,2025/1/17,KFXW20251017-1,裁床机头维修,杭州爱科科技股份有限公司,1," 3,000.00 "," 3,000.00 ",,月结，票到一个月付款,陈嘉俊
,,,2025,1,碳纤维,2025/1/21,KFXW20251021-1,裁床机头维修 (D14181),杭州爱科科技股份有限公司,1, 500.00 , 500.00 ,,月结，票到一个月付款,陈嘉俊
,,,2025,1,碳纤维,2025/1/21,KFXW20251021-1,裁床机头维修（D14322),杭州爱科科技股份有限公司,1," 1,750.00 "," 1,750.00 ",,月结，票到一个月付款,陈嘉俊
,,,2025,1,碳纤维,2025/1/23,KFTXWCC20251023-1,重型牛眼转角工作台,东莞市精创机械设备有限公司,2," 6,800.00 "," 13,600.00 ",,3-3-3-1,陈嘉俊
,,,2025,1,碳纤维,2025/1/23,KFTXWCC20251023-1,无动力滚筒工作台,东莞市精创机械设备有限公司,2," 16,800.00 "," 33,600.00 ",,3-3-3-1,陈嘉俊
,,,2025,1,碳纤维,2025/1/23,KFTXWCC20251023-1,大开模机,东莞市精创机械设备有限公司,1," 32,800.00 "," 32,800.00 ",,3-3-3-1,陈嘉俊
,,,2025,1,碳纤维,2025/1/23,KFTXWCC20251023-1,入模升降车移位,东莞市精创机械设备有限公司,2," 2,100.00 "," 4,200.00 ",,3-3-3-1,陈嘉俊
,,,2025,1,碳纤维,2025/1/23,KFTXWCC20251023-1,集模车,东莞市精创机械设备有限公司,2," 35,000.00 "," 70,000.00 ",,3-3-3-1,陈嘉俊
,,,2025,1,碳纤维,2025/1/24,KFTXWCC20250124,热塑模压成型产线,江苏万事预复合材料科技有限公司,1," 355,000.00 "," 3,555,000.00 ",,合同签订后预付合同总金额的30%作为预付款；发货前双方于乙方工厂对设备进行预验收，预验收证明不作为最终的验收依据，预验收合格付合同总金额的30%作为发货款；设备到甲方工厂安装调试验收合格后见13%增值税专用全额发票一个月内付30%验收款，合同总金额的10%为质保金，在质保期（验收合格之日起一年）届满后无息支付。,王娜
,,,2025,1,碳纤维,2025/1/24,KFXW20251024-1,安全防护罩,四维机械科技（广州）有限公司,1," 17,500.00 "," 17,500.00 ",,月结，票到一个月付款,陈嘉俊
,,,2025,2,碳纤维,2025/2/5,KFTXWCC20250205-1,笔记本电脑,清远市博创信息科技有限公司,1," 6,200.00 "," 6,200.00 ",,月结,陈嘉俊
,,,2025,2,碳纤维,2025/2/5,KFGC20250205-1,A618车间水池填充,广州秦惟装饰工程有限公司,1," 5,000.00 "," 5,000.00 ",,月结，票到一个月付款,陈嘉俊
,,,2025,2,碳纤维,2025/2/5,KFXW20250205-3,叉车维修,广州富强机械设备有限公司,1," 7,000.00 "," 7,000.00 ",,月结，票到一个月付款,陈嘉俊
,,,2025,2,碳纤维,2025/2/5,KFXW20250205-4,空调维修及安装,广州中实机电设备有限公司,1," 13,800.00 "," 13,800.00 ",,月结，票到一个月付款,陈嘉俊
,,,2025,2,碳纤维,2025/2/5,KFXW20250205-2,水冷机维修,清远市清城区石角镇金鑫电器维修部,1," 6,350.00 "," 6,350.00 ",,月结，票到一个月付款,陈嘉俊
,,,2025,2,碳纤维,2025/2/5,KFXW20250205-2,水冷机维修,清远市清城区石角镇金鑫电器维修部,7, 850.00 ," 5,950.00 ",,月结，票到一个月付款,陈嘉俊
,,,2025,2,碳纤维,2025/2/5,KFXW20250205-1,新制胶辊包胶,佛山市南海区里水鑫程佳胶辊厂,2," 8,000.00 "," 16,000.00 ",,月结，票到一个月付款,陈嘉俊
,,,2025,2,碳纤维,2025/2/7,KFXW20250207,发那科M-10iA机械臂维修,广东友仪技术股份有限公司,1," 28,800.00 "," 28,800.00 ",,月结，票到一个月付款,陈嘉俊
,,,2025,2,碳纤维,2025/2/10,KFTXWCC20251024-1,预浸线模头,惠州博源模具科技有限公司,1," 148,000.00 "," 148,000.00 ",,月结,陈嘉俊
,,,2025,2,碳纤维,2025/2/14,KFTXWCC20250214,蜂窝芯生产线,张家港市博迪塑料机械有限公司,1," 590,000.00 "," 590,000.00 ",,合同签订后预付合同总金额的30%作为预付款；发货前双方于乙方工厂对设备进行预验收，预验收证明不作为最终的验收依据，预验收合格付合同总金额的30%作为发货款；设备到甲方工厂安装调试验收合格后见13%增值税专用全额发票一个月内付30%验收款，合同总金额的10%为质保金，在质保期（验收合格之日起一年）届满后无息支付。,王娜
,,,2025,2,碳纤维,2025/2/17,KFTXWCC20250217,复合底护板（软模）,星运轻量化科技（南京）有限公司,1," 100,000.00 "," 100,000.00 ",,合同签订后预付合同总金额的30%作为预付款；发货前双方于乙方工厂对设备进行预验收，预验收证明不作为最终的验收依据，预验收合格付合同总金额的30%作为发货款；设备到甲方工厂安装调试验收合格后见13%增值税专用全额发票一个月内付40%验收款。,王娜
,,,2025,2,碳纤维,2025/2/17,KFTXWCC20250217,复合上盖（软模),星运轻量化科技（南京）有限公司,1," 170,000.00 "," 170,000.00 ",,合同签订后预付合同总金额的30%作为预付款；发货前双方于乙方工厂对设备进行预验收，预验收证明不作为最终的验收依据，预验收合格付合同总金额的30%作为发货款；设备到甲方工厂安装调试验收合格后见13%增值税专用全额发票一个月内付40%验收款。,王娜
,,,2025,2,碳纤维,2025/2/24,KFXW20250212-3,行吊维修,广州市广起起重设备有限公司,1," 3,100.00 "," 3,100.00 ",,月结，票到一个月付款,陈嘉俊
,,,2025,2,碳纤维,2025/2/24,KFGC20250212-2,软水管道建设,广东坤玛机电有限公司,1," 8,800.00 "," 8,800.00 ",,月结，票到一个月付款,陈嘉俊
,,,2025,2,碳纤维,2025/2/24,KFXW20250212-1,空压机风机维修,广东青昊节能科技有限公司,1," 4,300.00 "," 4,300.00 ",,月结，票到一个月付款,陈嘉俊
,,,2025,2,碳纤维,2025/2/24,KFXW20250212-1,钢棍包胶,佛山市南海区里水鑫程佳胶辊厂,2," 8,000.00 "," 16,000.00 ",,月结，票到一个月付款,陈嘉俊
,,,2025,2,碳纤维,2025/2/24,KFXW20250212-1,钢棍包胶,佛山市南海区里水鑫程佳胶辊厂,2," 4,200.00 "," 8,400.00 ",,月结，票到一个月付款,陈嘉俊
,,,2025,2,碳纤维,2025/2/24,KFXW20250212-1,钢棍包胶,佛山市南海区里水鑫程佳胶辊厂,1," 7,200.00 "," 7,200.00 ",,月结，票到一个月付款,陈嘉俊
,,,2025,2,碳纤维,2025/2/24,KFGC20250224-1,水电气工程,广东省石油化工建设集团有限公司,1," 63,000.00 "," 63,000.00 ",,月结，票到一个月付款,陈嘉俊
,,,2025,3,碳纤维,2025/3/4,KFTXWCC20250304-1,LFK 牌全电动伺服转塔冲床,信宜华辉数控机床有限公司,1," 650,000.00 "," 650,000.00 ",,3-3-3-1,陈嘉俊
,,,2025,3,碳纤维,2025/3/4,KFGC20250304-1,办公桌搬迁,广州中实机电设备有限公司,1," 4,500.00 "," 4,500.00 ",,月结，票到一个月付款,陈嘉俊
,,,2025,3,碳纤维,2025/3/4,KFGC20250304-2,网络建设,广东商文科技有限公司,1," 14,950.00 "," 14,950.00 ",,月结，票到一个月付款,陈嘉俊
,,,2025,3,碳纤维,2025/3/4,KFGC20250304-3,车间监控,广东商文科技有限公司,1," 51,000.00 "," 51,000.00 ",,月结，票到一个月付款,陈嘉俊
,,,2025,3,碳纤维,2025/3/6,KFTXWCC20250306,复合底护板（软模）,星运轻量化科技（南京）有限公司,1," 90,000.00 "," 90,000.00 ",,合同签订后预付合同总金额的30%作为预付款；发货前双方于乙方工厂对设备进行预验收，预验收证明不作为最终的验收依据，预验收合格付合同总金额的30%作为发货款；设备到甲方工厂安装调试验收合格后见13%增值税专用全额发票一个月内付40%验收款。,王娜
,,,2025,3,碳纤维,2025/3/6,KFTXWCC20250306-1,复合压机,广州市绿元复合材料技术有限公司,1," 2,380,000.00 "," 2,380,000.00 ",,合同签订后预付合同总金额的35%作为预付款；发货前双方于乙方工厂对设备进行预验收，预验收证明不作为最终的验收依据，预验收合格付合同总金额的30%作为发货款；设备到甲方工厂安装调试验收合格后见13%增值税专用全额发票一个月内付30%验收款，合同总金额的5%为质保金，,王娜
,,,2025,3,碳纤维,2025/3/6,JD310448188829,笔记本电脑,北京京东工业品贸易有限公司,3," 5,167.84 "," 15,503.52 ",,月结,陈嘉俊
,,,2025,3,碳纤维,2025/3/11,KFTXWCC20250311,复合上盖（软模),星运轻量化科技（南京）有限公司,1," 100,000.00 "," 100,000.00 ",,合同签订后预付合同总金额的30%作为预付款；发货前双方于乙方工厂对设备进行预验收，预验收证明不作为最终的验收依据，预验收合格付合同总金额的30%作为发货款；设备到甲方工厂安装调试验收合格后见13%增值税专用全额发票一个月内付40%验收款。,王娜
,,,2025,3,碳纤维,2025/3/11,KFTXWCC20250311,复合底护板（软模）,星运轻量化科技（南京）有限公司,1," 170,000.00 "," 170,000.00 ",,合同签订后预付合同总金额的30%作为预付款；发货前双方于乙方工厂对设备进行预验收，预验收证明不作为最终的验收依据，预验收合格付合同总金额的30%作为发货款；设备到甲方工厂安装调试验收合格后见13%增值税专用全额发票一个月内付40%验收款。,王娜
,,,2025,3,碳纤维,2025/3/11,KFTXWCC20250311-1,无芯研磨治具工装,东莞康幸电子设备有限公司,1," 9,300.00 "," 9,300.00 ",,月结,陈嘉俊
,,,2025,3,碳纤维,2025/3/11,kf20250213,空调立式柜机,北京京东工业品贸易有限公司,1," 5,431.91 "," 5,431.91 ",,月结,陈嘉俊
,,,2025,3,碳纤维,2025/3/11,KF20250211,电脑椅,北京京东工业品贸易有限公司,1, 476.91 , 476.91 ,,月结,陈嘉俊
,,,2025,3,碳纤维,2025/3/11,KF20250211,空调立式柜机,北京京东工业品贸易有限公司,2," 6,447.41 "," 12,894.82 ",,月结,陈嘉俊
,,,2025,3,碳纤维,2025/3/11,KF20250211,投影仪,北京京东工业品贸易有限公司,1," 3,857.89 "," 3,857.89 ",,月结,陈嘉俊
,,,2025,3,碳纤维,2025/3/11,KF20250211,壁挂式空调,北京京东工业品贸易有限公司,2," 2,436.19 "," 4,872.38 ",,月结,陈嘉俊
,,,2025,3,碳纤维,2025/3/11,kf20250220,办公会议桌,北京京东工业品贸易有限公司,1," 2,736.45 "," 2,736.45 ",,月结,陈嘉俊
,,,2025,3,碳纤维,2025/3/11,kf20250227,皮艺沙发,北京京东工业品贸易有限公司,2, 477.36 , 954.72 ,,月结,陈嘉俊
,,,2025,3,碳纤维,2025/3/11,kf20250227,办公桌,北京京东工业品贸易有限公司,1," 1,178.71 "," 1,178.71 ",,月结,陈嘉俊
,,,2025,3,碳纤维,2025/3/11,kf20250227,茶几,北京京东工业品贸易有限公司,1," 1,519.24 "," 1,519.24 ",,月结,陈嘉俊
,,,2025,3,碳纤维,2025/3/11,KFTXWCC20250311-2,笔记本电脑,清远市博创信息科技有限公司,3," 5,900.00 "," 17,700.00 ",,月结,陈嘉俊
,,,2025,3,碳纤维,2025/3/11,KFGC20250311-1,车间建设,河南省飞马起重机械集团有限公司,1," 15,300.00 "," 15,300.00 ",,月结，票到一个月付款,陈嘉俊
,,,2025,3,碳纤维,2025/3/11,KFXW20250311-1,行吊维修,广州市广起起重设备有限公司,1," 1,700.00 "," 1,700.00 ",,月结，票到一个月付款,陈嘉俊
,,,2025,3,碳纤维,2025/3/11,KFXW20250311-2,行吊维修,广州市广起起重设备有限公司,1," 6,300.00 "," 6,300.00 ",,月结，票到一个月付款,陈嘉俊
,,,2025,3,碳纤维,2025/3/11,KFFUWU20250311-1,特种设备检测+特种物料第三方检测费送检费,广东城检特种设备检验有限公司,1," 3,040.00 "," 3,040.00 ",,检测合格后支付,陈嘉俊
,,,2025,3,碳纤维,2025/3/13,KFTXWCC20250313,C10前端压辊维修改造,佛山市盛图科技有限公司,1," 22,000.00 "," 22,000.00 ",,验收合格付清,王娜
,,,2025,3,碳纤维,2025/3/13,EPTE-CZ-7761-250562,危险废物处理处置,广州市环境保护技术有限公司,1,,,,月结30天,王娜
,,,2025,3,碳纤维,2025/3/19,GDJF0314-(2025)-AQ,1.2万吨高性能复合材料及期制品生产线技术改造项目安全设施预评价,广东粤北中天企业管理有限公司,1," 15,000.00 "," 15,000.00 ",,合同签定50%，验收后付50%,王娜
,,,2025,3,碳纤维,2025/3/20,/,环境监测,广东中能检测技术有限公司,1," 3,600.00 "," 3,600.00 ",,,王娜
,,,2025,3,碳纤维,2025/3/21,KFTXWCC20250321,环评,清远市中懿环保技术服务有限公司,1," 75,000.00 "," 75,000.00 ",,预付30%，取得相关主管部门的文件后付30%，验收完付40%,王娜
,,,2025,3,碳纤维,2025/3/21,KFGC20250321-1,车间建设,广州中实机电设备有限公司,1," 44,800.00 "," 44,800.00 ",,月结，票到一个月付款,陈嘉俊
,,,2025,3,碳纤维,2025/3/25,KFTXWCC20250325,高速精密自动裁床,杭州爱科科技股份有限公司,1," 175,000.00 "," 175,000.00 ",,合同签订后预付合同总金额的30%作为预付款；发货前双方于乙方工厂对设备进行预验收，预验收证明不作为最终的验收依据，预验收合格付合同总金额的30%作为发货款；设备到甲方工厂安装调试验收合格后见13%增值税专用全额发票一个月内付30%验收款，合同总金额的10%为质保金，在质保期（验收合格之日起一年）届满后无息支付。,王娜
,,,2025,3,碳纤维,2025/3/27,KFTXWCC20250327,500吨框架式伺服液压机,江苏万事预复合材料科技有限公司,1," 720,000.00 "," 720,000.00 ",,合同签订后预付合同总金额的30%作为预付款；发货前双方于乙方工厂对设备进行预验收，预验收证明不作为最终的验收依据，预验收合格付合同总金额的30%作为发货款；设备到甲方工厂安装调试验收合格后见13%增值税专用全额发票一个月内付30%验收款，合同总金额的10%为质保金，在质保期（验收合格之日起一年）届满后无息支付。,王娜
,,,2025,3,碳纤维,2025/3/27,KFTXWCC20250327-1,复合底护板（硬模）,星运轻量化科技（南京）有限公司,1," 282,500.00 "," 282,500.00 ",,合同签订后预付合同总金额的30%作为预付款；发货前双方于乙方工厂对设备进行预验收，预验收证明不作为最终的验收依据，预验收合格付合同总金额的30%作为发货款；设备到甲方工厂安装调试验收合格后见13%增值税专用全额发票一个月内付40%验收款。,王娜
,,,2025,3,碳纤维,2025/3/27,KFTXWCC20250327-2,复合底护板（软模）,星运轻量化科技（南京）有限公司,1," 100,000.00 "," 100,000.00 ",,合同签订后预付合同总金额的30%作为预付款；发货前双方于乙方工厂对设备进行预验收，预验收证明不作为最终的验收依据，预验收合格付合同总金额的30%作为发货款；设备到甲方工厂安装调试验收合格后见13%增值税专用全额发票一个月内付40%验收款。,王娜
,,,2025,3,碳纤维,2025/3/27,KFTXWCC20250327-3,复合底护板（硬模）,星运轻量化科技（南京）有限公司,1," 384,200.00 "," 384,200.00 ",,合同签订后预付合同总金额的30%作为预付款；发货前双方于乙方工厂对设备进行预验收，预验收证明不作为最终的验收依据，预验收合格付合同总金额的30%作为发货款；设备到甲方工厂安装调试验收合格后见13%增值税专用全额发票一个月内付40%验收款。,王娜
,,,2025,3,碳纤维,2025/3/28,KFTXWCC20250328-2,笔记本电脑,北京京东工业品贸易有限公司,1," 6,029.32 "," 6,029.32 ",,月结,陈嘉俊
,,,2025,4,碳纤维,2025/4/2,KFTXWCC20250402,C6复合前后端设备,广州市绿元复合材料技术有限公司,1," 823,000.00 "," 823,000.00 ",,合同签订后预付合同总金额的30%作为预付款；发货前双方于乙方工厂对设备进行预验收，预验收证明不作为最终的验收依据，预验收合格付合同总金额的30%作为发货款；设备到甲方工厂安装调试验收合格后见13%增值税专用全额发票一个月内付30%验收款，合同总金额的10%为质保金，,王娜
,,,2025,4,碳纤维,2025/4/2,KFTXWCC20250402,C13复合前后端设备,广州市绿元复合材料技术有限公司,1," 396,000.00 "," 396,000.00 ",,合同签订后预付合同总金额的30%作为预付款；发货前双方于乙方工厂对设备进行预验收，预验收证明不作为最终的验收依据，预验收合格付合同总金额的30%作为发货款；设备到甲方工厂安装调试验收合格后见13%增值税专用全额发票一个月内付30%验收款，合同总金额的10%为质保金，,王娜
,,,2025,4,碳纤维,2025/4/2,KFTXWCC20250402,C17复合前后端设备,广州市绿元复合材料技术有限公司,1," 691,000.00 "," 691,000.00 ",,合同签订后预付合同总金额的30%作为预付款；发货前双方于乙方工厂对设备进行预验收，预验收证明不作为最终的验收依据，预验收合格付合同总金额的30%作为发货款；设备到甲方工厂安装调试验收合格后见13%增值税专用全额发票一个月内付30%验收款，合同总金额的10%为质保金，,王娜
,,,2025,4,碳纤维,2025/4/8,KFTXWCC20250408,AS9100质量体系咨询,东莞市纵横世纪企业管理咨询有限公司,1," 46,000.00 "," 46,000.00 ",,合同签定付27600，通过审核付18400,王娜
,,,2025,4,碳纤维,2025/4/8, /,车间辅房地面沟槽维修填空,广州中实机电设备有限公司,1," 9,799.10 "," 9,799.10 ",,项目验收后票到30天支付。,王娜
,,,2025,4,碳纤维,2025/4/8,/,,清远市华鑫人力资源有限公司,,,,,/,王娜
,,,2025,4,碳纤维,2025/4/8,/,,广州惠杰人力资源有限公司,,,,,/,王娜
,,,2025,4,碳纤维,2025/4/8,/,,麦谷(广州)人力资源管理有限公司,,,,,/,王娜
,,,2025,4,碳纤维,2025/4/8,/,,肇庆市众智人力资源有限公司,,,,,/,王娜
,,,2025,4,碳纤维,2025/4/8,WX20250408（鑫程佳）,胶辊包胶280*1900,佛山市南海区里水鑫程佳胶辊厂,2," 4,100.00 "," 8,200.00 ",,验收见发票一个月,王娜
,,,2025,4,碳纤维,2025/4/8,WX20250408（鑫程佳）,胶辊包胶230*1900,佛山市南海区里水鑫程佳胶辊厂,1," 3,500.00 "," 3,500.00 ",,验收见发票一个月,王娜
,,,2025,4,碳纤维,2025/4/9, 补充协议KFTXWCC20240515（碳纤维）,安全风险评估,中海兴发（广东）安全技术服务有限公司,1," 5,000.00 "," 5,000.00 ",,完成编制付清（注意第一份合同）,王娜
,,,2025,4,碳纤维,2025/4/10,/,体系审核,莱茵技术监督服务（广东）有限公司,1," 143,776.00 "," 143,776.00 ",,,王娜
,,,2025,4,碳纤维,2025/4/10,WX20250410（张华健）,机器人控制柜维修,广东友仪技术股份有限公司,1," 10,000.00 "," 10,000.00 ",,票到验收后30天支付。,王娜
,,,2025,4,碳纤维,2025/4/11,WX20250411（罗艳雄）,镜面辊加工表面450*1700,广州市启业制辊有限公司,1," 13,850.00 "," 13,850.00 ",,发货前付清,王娜
,,,2025,4,碳纤维,2025/4/11,KFTXWCC20250411（张华健）,1.8米复合压机,广州市绿元复合材料技术有限公司,1," 2,380,000.00 "," 2,380,000.00 ",,合同签订后预付合同总金额的35%作为预付款；发货前双方于乙方工厂对设备进行预验收，预验收证明不作为最终的验收依据，预验收合格付合同总金额的30%作为发货款；设备到甲方工厂安装调试验收合格后见13%增值税专用全额发票一个月内付30%验收款，合同总金额的5%为质保金，,王娜
,,,2025,4,碳纤维,2025/4/11,KFTXWCC20250411-1（朱文超）,A614车间A12机台预浸线宽幅模具拆装及安装,广东省石油化工建设集团有限公司,1," 4,000.00 "," 4,000.00 ",,票到验收后30天支付。,王娜
,,,2025,4,碳纤维,2025/4/11,KFTXWCC20250411-2（唐云庆）,办公公位,广州泰惟装饰工程有限公司,5," 1,200.00 "," 6,000.00 ",,票到验收后30天支付。,王娜
,,,2025,4,碳纤维,2025/4/11,KFTXWCC20250411-3（唐云庆）,网格整改,广东商文科技有限公司,1," 6,500.00 "," 6,500.00 ",,票到验收后30天支付。,王娜
,,,2025,4,碳纤维,2025/4/11,KFTXWCC20250411-4（唐云庆）,模具液压升降改造,四维机械科技（广州）有限公司,1," 28,500.00 "," 28,500.00 ",,票到验收后30天支付。,王娜
,,,2025,4,碳纤维,2025/4/11,KFTXWCC20250411-1,模具设变,宁海宏顺精密机械有限公司,2," 22,000.00 "," 44,000.00 ",,货到票到验收30天,陈嘉俊
,,,2025,4,碳纤维,2025/4/11,KFTXWCC20250411-1,模具镀铬,宁海宏顺精密机械有限公司,1," 22,000.00 "," 22,000.00 ",,货到票到验收30天,陈嘉俊
,,,2025,4,碳纤维,2025/4/23,KFTXWCC20250423（胡林翼）,钢板自动上料机,东莞市赫泰智能设备有限公司,1," 360,000.00 "," 360,000.00 ",,合同签订后预付合同总金额的30%作为预付款；发货前双方于乙方工厂对设备进行预验收，预验收证明不作为最终的验收依据，预验收合格付合同总金额的30%作为发货款；设备到甲方工厂安装调试验收合格后见13%增值税专用全额发票一个月内付30%验收款，合同总金额的10%为质保金，在质保期（验收合格之日起一年）届满后无息支付。,王娜
,,,2025,4,碳纤维,2025/4/23,TPP/OC2025-22（路庆雯）,小米顾客要求差距评审,上海突泊企业管理咨询有限公司,1," 34,200.00 "," 34,200.00 ",,审核结束5个工作日,王娜
,,,2025,4,碳纤维,2025/4/23,KFTXWCC20250423-1（张华健）,气密性测试设备,阿特森匠人（天津）智能科技有限公司,1," 186,000.00 "," 186,000.00 ",,合同签订后预付合同总金额的30%作为预付款；发货前双方于乙方工厂对设备进行预验收，预验收证明不作为最终的验收依据，预验收合格付合同总金额的30%作为发货款；设备到甲方工厂安装调试验收合格后见13%增值税专用全额发票一个月内付30%验收款，合同总金额的10%为质保金，,王娜
,,,2025,4,碳纤维,2025/4/23,KFTXWCC20250423-2（贺胜圣）,在线边角粉碎机,东莞市致能机械有限公司,1," 41,800.00 "," 41,800.00 ",,合同签订后预付合同总金额的30%作为预付款；发货前双方于乙方工厂对设备进行预验收，预验收证明不作为最终的验收依据，预验收合格付合同总金额的65%作为发货款；设备到甲方工厂安装调试验收合格后见13%增值税专用全额发票一个月内付5%验收款。,王娜
,,,2025,4,碳纤维,2025/4/23,KFTXWCC20250423-3（廖思凡）,A618车间电气建设,广州中实机电设备有限公司,1," 355,000.00 "," 355,000.00 ",,,王娜
,,,2025,4,碳纤维,2025/4/25,KFTXWCC20250425,笔记本-联想THinkPad L13,广东创坤科技有限公司,1," 5,550.00 "," 5,550.00 ",,验收一个月,王娜
,,,2025,4,碳纤维,2025/4/25,KFTXWCC20250425,笔记本-联想THinkPad L13,广东创坤科技有限公司,1," 5,550.00 "," 5,550.00 ",,验收一个月,王娜
,,,2025,4,碳纤维,2025/4/25,KFTXWCC20250425,笔记本-联想THinkPad L13,广东创坤科技有限公司,1," 5,550.00 "," 5,550.00 ",,验收一个月,王娜
,,,2025,4,碳纤维,2025/4/25,KFTXWCC20250425,笔记本-联想THinkPad L13,广东创坤科技有限公司,1," 5,550.00 "," 5,550.00 ",,验收一个月,王娜
,,,2025,4,碳纤维,2025/4/25,KFTXWCC20250425,笔记本-联想THinkPad L13,广东创坤科技有限公司,1," 5,550.00 "," 5,550.00 ",,验收一个月,王娜
,,,2025,4,碳纤维,2025/4/25,KFTXWCC20250425,台式机-联想M460,广东创坤科技有限公司,1," 4,720.00 "," 4,720.00 ",,验收一个月,王娜
,,,2025,4,碳纤维,2025/4/27,WX20280427（罗艳雄）,气胀轴维修,东莞市莱森精密机电有限公司,6,," 11,650.00 ",,验收一个月,王娜
,,,2025,4,碳纤维,2025/4/30,WX2025430（朱文超）,KF007-AG901-CWCCW-KM-3-001-修模2,惠州博源模具科技有限公司,1," 2,700.00 "," 2,700.00 ",,验收一个月,王娜
,,,2025,4,碳纤维,2025/4/30,WX2025430（朱文超）,KF002-AG901-CW-KL1-0-009-修模,惠州博源模具科技有限公司,1," 2,700.00 "," 2,700.00 ",,验收一个月,王娜
,,,2025,4,碳纤维,2025/4/30,WX2025430（朱文超）,KF002-AG901-CW-KC1-1-008-修模,惠州博源模具科技有限公司,1," 2,700.00 "," 2,700.00 ",,验收一个月,王娜
,,,2025,5,碳纤维,2025/5/7,KFTXWCC20250507,C11横向喷码改造,广州市绿元复合材料技术有限公司,1," 42,300.00 "," 42,300.00 ",,合同签订后预付合同总金额的30%作为预付款；发货前双方于乙方工厂对设备进行预验收，预验收证明不作为最终的验收依据，预验收合格付合同总金额的30%作为发货款；设备到甲方工厂安装调试验收合格后见13%增值税专用全额发票一个月内付30%验收款，合同总金额的10%为质保金，,王娜
,,,2025,5,碳纤维,2025/5/8,WX2025508（朱文超）,KF022-GQ-R6DCSG-2-001,惠州博源模具科技有限公司,1," 6,600.00 "," 6,600.00 ",,验收一个月,王娜
,,,2025,5,碳纤维,2025/5/8,KFTXWCC20250508,检具,星运轻量化科技（南京）有限公司,1," 135,600.00 "," 135,600.00 ",,合同签订后预付合同总金额的30%作为预付款；发货前双方于乙方工厂对设备进行预验收，预验收证明不作为最终的验收依据，预验收合格付合同总金额的30%作为发货款；设备到甲方工厂安装调试验收合格后见13%增值税专用全额发票一个月内付40%验收款。,王娜
,,,2025,5,碳纤维,2025/5/9,WX20250509（朱文超）,AG901-KB1模具纱刀口维修,广州市三禾模具有限公司,1," 1,500.00 "," 1,500.00 ",,验收一个月,王娜
,,,2025,5,碳纤维,2025/5/9,WX20250509（朱文超）,AG901-KB1模具纱刀口维修,广州市三禾模具有限公司,1," 1,500.00 "," 1,500.00 ",,验收一个月,王娜
,,,2025,5,碳纤维,2025/5/13,WX20250513（罗艳雄）,胶辊维修,广东艾麦工业科技有限公司,3," 1,350.00 "," 4,050.00 ",,验收一个月,王娜
,,,2025,5,碳纤维,2025/5/13,KFTXWCC20250513（胡洋铭）,A615冷却水箱及电箱改造,广州中实机电设备有限公司,1," 16,800.00 "," 16,800.00 ",,验收一个月,王娜
,,,2025,5,碳纤维,2025/5/14,KFTXWCC20250514（张华健）,清远基地A618辅房进行车间基建改造,广州中实机电设备有限公司,1," 12,000.00 "," 12,000.00 ",,验收一个月,王娜
,,,2025,5,碳纤维,2025/5/14,KFTXWCC20250514-1（钟友坤）,笔记本-联想THinkPad L13,广东创坤科技有限公司,1," 5,550.00 "," 5,550.00 ",,验收一个月,王娜
,,,2025,5,碳纤维,2025/5/14,KFTXWCC20250514-1（林乐智）,笔记本-联想THinkPad L13,广东创坤科技有限公司,1," 5,550.00 "," 5,550.00 ",,验收一个月,王娜
,,,2025,5,碳纤维,2025/5/14,KFTXWCC20250514-1（王磊）,笔记本-华为MateBook 14,广东创坤科技有限公司,1," 6,650.00 "," 6,650.00 ",,验收一个月,王娜
,,,2025,5,碳纤维,2025/5/14,KFTXWCC20250514-1（杨炽彬）,笔记本-联想THinkPad,广东创坤科技有限公司,1," 6,600.00 "," 6,600.00 ",,验收一个月,王娜
,,,2025,5,碳纤维,2025/5/15,WX20250515（）,KF002-AG901-CW-KB1-1-007-修模2,东莞市常盈碳纤模具有限公司,1," 2,500.00 "," 2,500.00 ",,验收一个月,王娜
,,,2025,5,碳纤维,2025/5/15,KFTXWCC20250515(张华健）,MX11-2 QA机增加字符识别装置,东莞市维鸿精密仪器有限公司,1," 25,000.00 "," 25,000.00 ",,合同签订后预付合同总金额的30%作为预付款；发货前双方于乙方工厂对设备进行预验收，预验收证明不作为最终的验收依据，预验收合格付合同总金额的30%作为发货款；设备到甲方工厂安装调试验收合格后见13%增值税专用全额发票一个月内付30%验收款，合同总金额的10%为质保金，在质保期（验收合格之日起一年）届满后无息支付。,王娜
,,,2025,5,碳纤维,2025/5/16,KFTXWCC20250516,A613车间新增设备电气接入,广州中实机电设备有限公司,1," 548,000.00 "," 548,000.00 ",,合同签订后预付合同总金额的30%作为预付款；工程完工验收合格后见9%增值税专用全额发票一个月内付60%，合同总金额的10%为质保金，在质保期（验收合格之日起一年）届满后无息支付,王娜
,,,2025,5,碳纤维,2025/5/20,KFTXWCC20250520,热塑生产车间厂房玻璃碎裂维修,广州中实机电设备有限公司,1," 1,600.00 "," 1,600.00 ",,验收一个月,王娜
,,,2025,5,碳纤维,2025/5/20,SJHP202432,环评服务费+高性能复合材料建设项目环境影响评价服务（协助林传勇处理）,广州尚洁环保科技股份有限公司,1," 53,000.00 "," 53,000.00 ",,预付50%，报告通过审批支付50%,陈嘉俊
,,,2025,5,碳纤维,2025/5/20,/,能评服务费+高性能复合材料建设项目节能报告（协助林传勇处理）,广州星火能源科技有限公司,1," 79,000.00 "," 79,000.00 ",,预付50%，报告通过审批支付50%,陈嘉俊
,,,2025,5,碳纤维,2025/5/20,QYJN-2024-0702208,节能报告+2.5万吨高性能复合材料及其制品生产线建设项目节目报告,清远节能协会,1," 40,000.00 "," 40,000.00 ",,预付50%，报告通过审批支付50%,陈嘉俊
,,,2025,5,碳纤维,2025/5/21,WGZ02505212116281（玉萍）,超管,北京华品博睿网格技术有限公司,1," 10,800.00 "," 10,800.00 ",,合同签定付清,王娜
,,,2025,5,碳纤维,2025/5/22,KFTXWCC20250522（张华健）,聚脲喷涂供料系统设备,东莞市赫泰智能设备有限公司,1," 88,000.00 "," 88,000.00 ",,合同签订后预付合同总金额的30%作为预付款；发货前双方于乙方工厂对设备进行预验收，预验收证明不作为最终的验收依据，预验收合格付合同总金额的30%作为发货款；设备到甲方工厂安装调试验收合格后见13%增值税专用全额发票一个月内付30%验收款，合同总金额的10%为质保金，在质保期（验收合格之日起一年）届满后无息支付。,王娜
,,,2025,5,碳纤维,2025/5/22,KFTXWCC20250522-1（潘伟豪）,台式HP Pro Tower 280 G9 E R,广东创坤科技有限公司,1," 5,000.00 "," 5,000.00 ",,验收一个月,王娜
,,,2025,5,碳纤维,2025/5/22,KFTXWCC20250522-2（胡洋铭）,桨叶仿形打磨设备,广东利迅达机器人系统股份有限公司,1," 460,000.00 "," 460,000.00 ",,合同签订后预付合同总金额的30%作为预付款；发货前双方于乙方工厂对设备进行预验收，预验收证明不作为最终的验收依据，预验收合格付合同总金额的30%作为发货款；设备到甲方工厂安装调试验收合格后见13%增值税专用全额发票一个月内付30%验收款，合同总金额的10%为质保金，,王娜
,,,2025,5,碳纤维,2025/5/25,KFTXWCC20250525（张建）,笔记本-华为MateBook 14,广东创坤科技有限公司,1," 6,650.00 "," 6,650.00 ",,验收一个月,王娜
,,,2025,5,碳纤维,2025/5/25,KFTXWCC20250525-1（刘建平）,比亚迪电动叉车充电区迁移,广州中实机电设备有限公司,1," 86,000.00 "," 86,000.00 ",,合同签订后预付合同总金额的30%作为预付款；工程完工验收合格后见9%增值税专用全额发票一个月内付60%，合同总金额的10%为质保金，在质保期（验收合格之日起一年）届满后无息支付,王娜
,,,2025,5,碳纤维,2025/5/25,KFTXWCC20250525-2（唐云庆）,614车间刷耐磨地坪漆,广州乾德建材科技有限公司,1," 15,000.00 "," 15,000.00 ",,验收一个月,王娜
,,,2025,5,碳纤维,2025/5/25,KFTXWCC20250525-3（刘建平）,重型货架,中山市锦盛云储仓储设备有限公司,40," 1,985.75 "," 79,430.00 ",,合同签订后预付合同总金额的30%作为预付款；货到甲方工厂安装验收合格后见13%增值税专用全额发票一个月内付70%验收款。,王娜
,,,2025,5,碳纤维,2025/5/25,KFTXWCC20250525-4（刘建平）,平台改造,广州泰惟装饰工程有限公司,2," 2,500.00 "," 5,000.00 ",,票到验收后30天支付。,王娜
,,,2025,5,碳纤维,2025/5/25,KFTXWCC20250525-5（廖思凡）,A5A6A预浸线搬迁,广东省石油化工建设集团有限公司,1," 220,000.00 "," 220,000.00 ",,合同签订后预付合同总金额的30%作为预付款；工程完工验收合格后见9%增值税专用全额发票一个月内付60%，合同总金额的10%为质保金，在质保期（验收合格之日起一年）届满后无息支付,王娜
,,,2025,5,碳纤维,2025/5/26,KFTXWCC20250526（罗艳雄）,613和614行车悬臂吊增加投影灯和声光报警器,广州市广起起重设备有限公司,15," 1,990.00 "," 29,850.00 ",,验收一个月,王娜
,,,2025,5,碳纤维,2025/5/26,KFTXWCC20250526-1（罗艳雄）,C13行吊紧急维修,广州市广起起重设备有限公司,1," 5,850.00 "," 5,850.00 ",,验收一个月,王娜
,,,2025,5,碳纤维,2025/5/29,KFTXWCC20250529（张华健）,聚脲喷涂供料系统设备升级改造,东莞市赫泰智能设备有限公司,1," 150,000.00 "," 150,000.00 ",,合同签订后预付合同总金额的30%作为预付款；发货前双方于乙方工厂对设备进行预验收，预验收证明不作为最终的验收依据，预验收合格付合同总金额的30%作为发货款；设备到甲方工厂安装调试验收合格后见13%增值税专用全额发票一个月内付30%验收款，合同总金额的10%为质保金，在质保期（验收合格之日起一年）届满后无息支付。,王娜
,,,2025,5,碳纤维,2025/5/29,KFTXWCC20250529-1（廖思凡）,干冰颗粒,广州潮龙天工业科技有限公司,1," 32,300.00 "," 32,300.00 ",,验收一个月,王娜
,,,2025,5,碳纤维,2025/5/29,KFTXWCC20250529-1（廖思凡）,保温箱,广州潮龙天工业科技有限公司,1, 495.00 , 495.00 ,,验收一个月,王娜
,,,2025,5,碳纤维,2025/5/29,KFTXWCC20250529-2（郑波）,AG811治具,东莞市科鼎自动化设备有限公司,8," 7,645.00 "," 61,160.00 ",,验收一个月,王娜
,,,2025,5,碳纤维,2025/5/29,KFTXWCC20250529-2（吴永磊）,叉车维修,清远市正德机械设备自动化科技有限公司,1," 2,000.00 "," 2,000.00 ",,验收一个月,王娜
,,,2025,5,碳纤维,2025/5/30,KFTXWCC20250530（夏爽）,笔记本-联想THinkPad L13,广东创坤科技有限公司,1," 5,550.00 "," 5,550.00 ",,验收一个月,王娜
,,,2025,6,碳纤维,2025/6/3,KFTXWCC20250603（张华健）,聚脲喷涂自动化生产线,东莞市赫泰智能设备有限公司,1," 1,550,000.00 "," 1,550,000.00 ",,合同签订后预付合同总金额的30%作为预付款；发货前双方于乙方工厂对设备进行预验收，预验收证明不作为最终的验收依据，预验收合格付合同总金额的30%作为发货款；设备到甲方工厂安装调试验收合格后见13%增值税专用全额发票一个月内付30%验收款，合同总金额的10%为质保金，在质保期（验收合格之日起一年）届满后无息支付。,王娜
,,,2025,6,碳纤维,2025/6/3,KFTXWCC20250603-1（张华健）,C8蜂窝板复合线前后端,广州市绿元复合材料技术有限公司,1," 500,000.00 "," 500,000.00 ",,合同签订后预付合同总金额的30%作为预付款；发货前双方于乙方工厂对设备进行预验收，预验收证明不作为最终的验收依据，预验收合格付合同总金额的30%作为发货款；设备到甲方工厂安装调试验收合格后见13%增值税专用全额发票一个月内付30%验收款，合同总金额的10%为质保金，在质保期（验收合格之日起一年）届满后无息支付。,王娜
,,,2025,6,碳纤维,2025/6/3,KFTXWCC20250603-2（张华健）,C13防错缺开口工装,广州市绿元复合材料技术有限公司,1," 10,000.00 "," 10,000.00 ",,设备到甲方工厂安装调试验收合格后见13%增值税专用全额发票一个月付清。,王娜
,,,2025,6,碳纤维,2025/6/3,KFTXWCC20250603-3（罗艳雄）,蜂窝芯B1挤出机40机更换,广州正装科技有限公司,1," 20,000.00 "," 20,000.00 ",,设备到甲方工厂安装调试验收合格后见13%增值税专用全额发票一个月付清。,王娜
,,,2025,6,碳纤维,2025/6/11,KFTXWCC20250611（罗艳雄）,D7 D8 CNC维修,杭州爱科科技股份有限公司,1," 2,400.00 "," 3,400.00 ",,验收一个月,王娜
,,,2025,6,碳纤维,2025/6/11,KFTXWCC20250611-1（赵磊）,空调维修,清远市金达工程有限公司,1," 2,020.00 "," 2,020.00 ",,验收一个月,王娜
,,,2025,6,碳纤维,2025/6/11,KFTXWCC20250611-2(唐云庆）,工厂及宿舍装修、617车间品质部搬迁及工厂,广州中实机电设备有限公司,1," 13,500.00 "," 13,500.00 ",,验收一个月,王娜
,,,2025,6,碳纤维,2025/6/11,KFTXWCC20250611-3（王磊）,节能验收,踔厉（清远市）低碳节能科技有限公司,1," 40,000.00 "," 40,000.00 ",,预付50%，验收50%,王娜
,,,2025,6,碳纤维,2025/6/13,KFTXWCC20250613（罗艳雄）,电机维修,广州市天河区凤凰华雄机电维修经营部,1," 5,280.00 "," 5,280.00 ",,验收一个月,王娜
,,,2025,6,碳纤维,2025/6/13,KFTXWCC20250613-1（朱文超）,1500预浸模具-003加工维修,惠州博源模具科技有限公司,1," 26,500.00 "," 26,500.00 ",,验收一个月,王娜
,,,2025,6,碳纤维,2025/6/17,KFTXWCC20250617（于东海）,行吊保养,佛山市广起起重机有限公司,32," 35,000.00 "," 35,000.00 ",,每季度验收合格见发票付款,王娜
,,,2025,6,碳纤维,2025/6/17,KFTXWCC20250617-1（欧志坚）,D7裁床改造,四维机械科技（广州）有限公司,1," 15,600.00 "," 15,600.00 ",,验收一个月,王娜
,,,2025,6,碳纤维,2025/6/17,KFTXWCC20250617-2（罗艳雄）,C12压机油管更换,广州市绿元复合材料技术有限公司,1," 5,840.00 "," 5,840.00 ",,验收一个月,王娜
,,,2025,6,碳纤维,2025/6/17,KFTXWCC20250617-3（刘建平）,柴油车年度保养,广州富强机械设备有限公司,3," 1,300.00 "," 3,900.00 ",,每季度验收合格见发票付款,王娜
,,,2025,6,碳纤维,2025/6/17,KFTXWCC20250617-4（欧志坚）,空压机保养,苏州佳祥泰节能科技有限公司,," 81,790.00 ",,,,王娜
,,,2025,6,碳纤维,2025/6/17,KFTXWCC20250617-5（林玉萍）,笔记本-华为MateBook 14,广东创坤科技有限公司,1," 6,650.00 "," 6,650.00 ",,验收一个月,王娜
,,,2025,6,碳纤维,2025/6/23,KFTXWCC20250623,2000J落锤式冲击试验机,深圳三思纵横科技股份有限公司,1," 185,000.00 "," 185,000.00 ",,合同签订后预付合同总金额的30%作为预付款；发货前双方于乙方工厂对设备进行预验收，预验收证明不作为最终的验收依据，预验收合格付合同总金额的30%作为发货款；设备到甲方工厂安装调试验收合格后见13%增值税专用全额发票一个月内付30%验收款，合同总金额的10%为质保金，在质保期（验收合格之日起一年）届满后无息支付。,王娜
